Timestamp,AccelX,AccelY,AccelZ,DoorHall,FloorHall
1775658340.4421031,2.8438438903199e+34,-1.6225927682921336e+33,2.1769171643286033e-41,1018166864,-341835776
1775658340.452307,2.179159241871523e-41,-7.076497087288006e+21,-34359738368.0,3981302,-414429184
1775658340.4625082,2.7325320054333933e-43,-8.841600207592719e+21,-1.6225927682921336e+32,3968738,-1896636416
1775658340.472727,8589996032.0,5.5617465984128773e-39,-3.504917736226733e+28,60,30579
1775658340.4829485,-0.012418031692504883,2.788583944006386e-43,-94343.9140625,-452984832,13088902
1775658340.4932458,-3.612804210650454e+31,1.1018409824986037e-41,-4.2743168134557106e+30,-1627389952,3960428
1775658340.50384,-1.545007197467496e+27,2.18350326711093e-41,0.006951197981834412,-419430400,9824198
1775658340.5141544,-29568.0,5.372998701760646e-41,-6.130740359822084e-11,242,-916584716
1775658340.5244124,-34359738368.0,2.2286617916819544e-38,-6.811694436397875e+16,52092,-1125391360
1775658340.5347579,-1.0842178113689605e-19,2.221206463462207e-38,1.1781230568885803e-07,61918,-588874496
1775658340.5450497,3.377129299022809e-43,4.866069173201893e-39,-30464.0,58140,-1125391360
1775658340.5557268,3.1809475140173348e-43,-3.483832675246392e+21,-9.44473296573929e+21,13105387,-959381504
1775658340.5660121,7.174087617957333e-41,1.3213616660442356e+38,2.788583944006386e-43,12940786,1995571200
1775658340.5762384,2.7605579747198896e-43,1.950049745551344e-39,-4.0247906557246283e+31,30807,2019020000
1775658340.5864294,6.490371073168535e+32,8.681043986492242e-41,-9.822659194469452e-05,197,-227612944
1775658340.5968206,1.6940658945086007e-21,2.2264160707630274e-38,-49545216.0,62031,-1125736704
1775658340.6074188,-3.689375203020977e+19,1.8309127514129125e-38,-130841883705344.0,15580,-25452608
1775658340.6178021,3.377129299022809e-43,-2.5026310379914656e+30,2.596148429267414e+33,15858867,-421658624
1775658340.6283987,7.174087617957333e-41,-9.592930705419923e+36,3.1809475140173348e-43,2025645809,-442499072
1775658340.638971,4.3293116055315223e-41,2.8550858714046582e+34,-2.341871806232658e+17,30895,2024791120
1775658340.6496723,-2.341871806232658e+17,4.316980179045464e-41,-2.6673316159940313e+29,-570425344,7886831
1775658340.6602378,1.4551411946043854e+36,2.788583944006386e-43,-9.272367823100846e+21,-234881024,13056995
1775658340.670437,-1.6028844918025698e-15,2.1668278153854646e-41,-6.82260644464458e-15,1073741884,3632940
1775658340.6806257,9.629649721936179e-32,8.169429917167251e-41,-378111740870656.0,-536870852,13090776
1775658340.6908746,-0.00726318359375,2.1769171643286033e-41,-8158.484375,-301989888,15826658
1775658340.70102,-3.8368135610839464e-34,2.7605579747198896e-43,1.813426228136296e-38,1978793984,197
1775658340.711244,0.012186037376523018,-2.6645352591003757e-15,2.1623436602996252e-41,-243857568,-1124073472
1775658340.7219057,5.578972760434822e-39,-0.5283203125,-3.689375203020977e+19,3962848,2011226112
1775658340.732459,-3.689375203020977e+19,1.10833754230906e-38,-0.00012162327766418457,30895,-2049147104
1775658340.7430263,-1.6225927682921336e+32,5.573064886109229e-39,-1.8876953125,1342177340,7912668
1775658340.7532654,-0.2740478515625,8590057472.0,1.1087978688545906e-38,-476069888,15534
1775658340.7635856,0.026874005794525146,5.2890504608140026e+23,7.214445013729888e-41,-1670976000,-1073741703
1775658340.773832,-650857.9375,-1.5845632502852868e+29,5.573216226343376e-39,-2080442368,30887
1775658340.7840567,5.274316439242995e-23,-4.253529586511731e+37,1.792955079260514e-38,-185729024,26
1775658340.7946165,-184.90988159179688,-4.056481920730334e+31,5.5671317884112776e-39,-1662615552,60
1775658340.805197,1.8171072990722308e-38,-124928.0,7.10220100673747e-41,-577768448,197
1775658340.8158042,2.8501781819129153e+34,-2.220446049250313e-15,4.3293116055315223e-41,2011860752,536870972
1775658340.826517,0.015134288929402828,-2415919104.0,5.5531622440204235e-39,-1670627328,1073741944
1775658340.837124,1.1048571373132164e-38,-88896.0,2.788583944006386e-43,-939742274,1962934272
1775658340.8477218,1.836448020476842e-38,-2.4744539716455038e+33,2.1623436602996252e-41,1011351040,-814743552
1775658340.8583198,5.5502713652885214e-39,-6.182119250297546e-06,2.788583944006386e-43,-941111577,-419430400
1775658340.868902,1.8525241368491155e-38,-126993593008128.0,8.712152812400253e-41,-1081674752,268435516
1775658340.879465,0.02343025617301464,-2684354560.0,5.5789951812102515e-39,-67125248,15431
1775658340.8901362,0.01220676302909851,-3.8685626227668134e+26,8.662126457223857e-41,-1074266880,-1610612676
1775658340.9003778,5.578993779911787e-39,-6.3803129446426965e-15,-3.689375203020977e+19,15747061,-482410496
1775658340.9108813,8.147429531277351e-41,1.5083121482021614e-21,3.1809475140173348e-43,1021109246,-1407188992
1775658340.9214985,7.166520606249979e-41,-4.290230572223663e-05,2.788583944006386e-43,-986076174,-436207616
1775658340.9319596,4.03337979064155e-39,-9.321500930834222e-32,7.236445399619788e-41,-599331328,242
1775658340.9425247,-912969.9375,-1.6225927682921336e+32,1.815867990710382e-38,197001216,50619
1775658340.9528437,0.004027962684631348,2.7325320054333933e-43,0.02235984429717064,417333248,50619
1775658340.9636967,-0.0032271146774291992,1.975830834697992e-43,5.1877774489364065e+33,-184549376,3962851
1775658340.9739387,-1.09619140625,1.8637269575520067e-43,-2.8646014483880634e+20,-301989888,12680310
1775658340.9841776,-1.700029006457271e-15,8.621769061451302e-41,515095427809280.0,1342177400,3981222
1775658340.994738,-7.558553384202489e+21,2.7605579747198896e-43,-2.5026308868757382e+30,1879048192,15022187
1775658341.0053604,-8.987262845039368e-08,7.214445013729888e-41,-1.4583369417675608e+34,199,1023206337
1775658341.016039,-2.6563311466141754e+21,7.156431257306841e-41,-2.4516606709563416e-30,1879048252,3472079
1775658341.0263014,29568.0,8.676279571713537e-41,138532022648832.0,-184549376,12951279
1775658341.036471,-9.816686248167408e+33,2.1757961255571435e-41,-4.596520146682218e+20,-503316480,1707791
1775658341.0466397,-1.5211807202738753e+32,2.802596928649634e-44,-3.410986951273674e+21,-100663296,14753507
1775658341.0568569,-3.512896218562318e-31,2.1742546972463862e-41,0.027212202548980713,-819986432,58270
1775658341.0671017,-6.586655192517706e+18,8589996032.0,1.1179689469140573e-38,1584259072,1342177401
1775658341.0775998,4.808781289383366e-39,-107008.0,8.151493296823893e-41,495898880,227
1775658341.0878842,2.231388691598113e-07,-5.902958103587057e+20,2.0867922332060134e-38,-941490176,49467
1775658341.0981922,0.006453752517700195,2.704506036146897e-43,-11.72189712524414,-184549376,3950540
1775658341.1084943,-6.392456008974534e-15,8589996032.0,5.5530066998908834e-39,-120643584,15543
1775658341.1187463,-2.870665048249066e-05,8589996032.0,1.1077135441028961e-38,-1631170560,-134217608
1775658341.12934,0.012188894674181938,5.790264287871194e-24,7.022046734578091e-41,2131153152,536870972
1775658341.1397505,0.015619411133229733,-4026531840.0,2.66176643298499e-41,-597235968,242
1775658341.149983,-651209.9375,-9.903520314283042e+27,1.1169052212497883e-38,-56639488,42
1775658341.1603074,-1.1992403555089332e-35,-1.5474250491067253e+26,5.5729163484720104e-39,-1629036544,-536870792
1775658341.1705568,1.107726155789075e-38,-1.5278025913854421e-21,1.0842176821219898e-19,3850191,1993408512
1775658341.1807866,2.1757961255571435e-41,-102169.75,-4.253529586511731e+37,3997283,-947068928
1775658341.1910877,2.788583944006386e-43,0.02337215282022953,1.0546852993898869e+33,15551,1011348960
1775658341.2014377,-5.679074689022468e+32,2.1623436602996252e-41,0.0122050940990448,-421527552,57788
1775658341.2120142,-0.4510345458984375,3.363116314379561e-43,0.022450560703873634,1280311296,50619
1775658341.222583,-0.0030358433723449707,2.7605579747198896e-43,0.012166714295744896,1444937728,15431
1775658341.2330804,-2.9117066375843126e+20,-4.253529586511731e+37,1.7768838674328655e-38,-1544683520,50552
1775658341.243658,-0.004255890846252441,2.704506036146897e-43,-4.313003420859247e+20,-301989888,13106154
1775658341.254219,9.886133218650312e+36,2.1701909316998442e-41,0.02141803503036499,-387973120,57724
1775658341.264507,9.892631295833576e-26,-4.253529586511731e+37,1.774564438214715e-38,1400766464,49467
1775658341.2748165,0.006955862045288086,2.7605579747198896e-43,-5005.6181640625,-436207616,14916646
1775658341.2849905,-6.211487941118324e+32,2.1769171643286033e-41,0.022455990314483643,-179306496,30807
1775658341.2952688,-4.3190533736399215e+20,-1.5845632502852868e+29,2.069639779483292e-38,603193344,57693
1775658341.3056202,-3.7271767184054456e+36,3.377129299022809e-43,-2.524400769688176e+30,486539264,15850726
1775658341.3158967,-8.046812998915853e-21,2.7605579747198896e-43,-2.187575146877609e+30,989855744,3962754
1775658341.3265908,4.25119305292539e+36,8.267660939516421e-44,0.01215063501149416,-4194304,13439
1775658341.3371584,128988.0,8.407790785948902e-44,5.570389807340833e-39,-1476722688,1073741884
1775658341.3477232,5.535951496281586e-39,-5.951564507319034e-22,-3.689375203020977e+19,14752819,-1226440704
1775658341.3583245,7.169603462871494e-41,-8.536854568657486e+18,2.788583944006386e-43,1016903394,-67108864
1775658341.368844,3.6433760072445244e-44,1.9274468013217848e-39,-114898965102592.0,51128,-589901568
1775658341.3794446,2.788583944006386e-43,-5004.85205078125,-2.535301200456459e+30,12951147,-857341952
1775658341.3897476,3.1128444086511486e-41,0.026236534118652344,3.208973483303831e-43,-914827538,-301989888
1775658341.3999012,1.4484479537539542e-38,-130841883705344.0,7.313096425618355e-41,-1193873920,157
1775658341.4104962,-94567.890625,-2.535301200456459e+30,1.8295593773560676e-38,-857341952,30807
1775658341.4208238,1.7508512791783505e+34,-9.822522284368862e+23,4.316980179045464e-41,1803521088,-234881024
1775658341.431429,5.5760958946875635e-39,2.5013941723603557e-20,2.7325320054333933e-43,-484541454,-503316480
1775658341.4420066,2.0856957171576792e-38,-5.35928355657089e+17,8.624011138994222e-41,1205657344,240
1775658341.4525754,0.021480558440089226,-2.7670116110564327e+19,2.061310041021806e-42,-1346638336,-1073741764
1775658341.4631464,2.855129199306033e+34,nan,1.1083381028284457e-38,1324146688,-134217608
1775658341.4737175,0.015603752806782722,-4.951760157141521e+28,5.556032103275361e-39,-168878080,15487
1775658341.4840207,2.854551081307687e+34,-1970324836974592.0,4.788937501830062e-41,-1192497664,199
1775658341.4943595,-80237.9140625,1.6225927682921336e+32,2.0867053527012253e-38,-689504256,51132
1775658341.5050192,-0.0001024734228849411,2.788583944006386e-43,0.021365609019994736,115343360,15535
1775658341.5154932,-4.085887184146486e-10,1.5845745839648456e+29,3.9589021785611505e-39,-689504256,50588
1775658341.5260644,0.028487205505371094,2.8166099132928823e-43,6.883489145022582e-39,-396492800,62172
1775658341.5363922,1.1405559510493471e+35,-1.2505552149377763e-12,4.3651848462182377e-41,518426400,225
1775658341.5465488,0.019091995432972908,-2415919104.0,9.488191901943336e-42,1004662784,193
1775658341.556725,-2.4689635117252904e+29,-4.056481920730334e+31,1.0997219389608517e-38,-959381504,15231
1775658341.567004,nan,8.267660939516421e-44,2.5669889992300545e+34,1713373184,30876
1775658341.577497,2.7236740796503737e+34,-2.161727821137838e+17,4.3281905667600625e-41,2024266816,-354418688
1775658341.5880666,2.1780382031000632e-41,0.03075927495956421,-2.86102294921875e-06,49528,-944970240
1775658341.598573,9.166313644687926e-41,4.981708402571913e+33,-5.902958103587057e+20,13098183,-941228032
1775658341.6090896,7.169883722564359e-41,2.678245387324193e-20,3.1809475140173348e-43,-484639500,-268435456
1775658341.619654,2.0857055262469295e-38,-1.450710983537555e+26,8.151493296823893e-41,1006303232,227
1775658341.6299617,0.012205583974719048,-1.5,5.5359571014754434e-39,-1481383936,-536870852
1775658341.6406658,1.0876531158070078e-38,1.3988382774785221e-36,5.138141079139807e-41,2011557888,1073741884
1775658341.65091,1.9798609690813902e-39,-2.6454533008646308e-17,8.097263046254523e-41,1011612160,227
1775658341.6610649,-3.397943963802856e+21,-5.902958103587057e+20,1.8147697931038906e-38,-420478976,61950
1775658341.6712077,-7807.875,-1.5845632502852868e+29,2.1248042757388277e-38,1807810560,59320
1775658341.6813214,-5.6208111345767975e-05,2.8446358825793787e-43,2.8541725192436735e+34,-814743552,7909375
1775658341.691455,nan,2.1623436602996252e-41,2.335568751732353e-07,-352321536,14891142
1775658341.7016644,-2.170380086867558e+36,4.3293116055315223e-41,-1.2036889960864928e-35,-788529152,7907323
1775658341.711846,-5.686423554251974e-15,-3.6894015913000436e+19,1.1080453715792482e-38,-973340672,-134217728
1775658341.72214,7.102341136583903e-41,-3958374400.0,8589996032.0,13089046,737476608
1775658341.7325687,8.151773556516758e-41,8.580461144447327e-05,3.1809475140173348e-43,-474190862,-251658240
1775658341.743138,1.8148500875058964e-38,-8.651638422052036e-35,7.08916893101925e-41,-595140096,241
1775658341.7534013,7.217288473884878e+34,-1.4791141972893971e-31,5.376221688228593e-41,-547954176,-1342177220
1775658341.7637763,5.5731489640170884e-39,-378919194722304.0,-1.084209927303747e-19,3981299,-1078767616
1775658341.7743788,8589996032.0,5.5703449657899744e-39,-5.0862092315639984e-15,-1610612676,3950519
1775658341.784718,-9.704402828601593e+36,2.7605579747198896e-43,-7965.11962890625,-184549376,15858918
1775658341.795319,-5.241826795985306e+23,8.681043986492242e-41,-1.534375644665627e+38,241,-977515655
1775658341.8056164,-9.44473296573929e+21,1.8096990544808848e-38,4.8148248609680896e-32,57787,-1156846080
1775658341.8159063,3.1529215447308384e-43,0.01414392702281475,-1.5916157281026244e-12,15463,-476148656
1775658341.8264728,-3.777893186295716e+22,2.0903614805244952e-38,5.407109622885744e+23,15527,-261620064
1775658341.8370433,-1.0633823966279327e+37,5.570382800848511e-39,4.978027856306673e-26,-268435456,1397
1775658341.84761,-4.632904303247809e-15,-4.65667948645887e-10,2.7253079129142225e+34,1286602752,6847
1775658341.8581736,-5601755136.0,3.1809475140173348e-43,-122521.796875,-788529152,3981280
1775658341.8687418,-0.0291900634765625,2.179159241871523e-41,-7055.890625,-268435456,15858918
1775658341.879344,-5.241826795985306e+23,8.681043986492242e-41,537927473954816.0,-536870792,14793542
1775658341.889915,-3.8450973786644646e-25,7.688924673750271e-42,-4.463285639577141e-22,197,1020167029
1775658341.9001493,2.1663950687494155e+27,7.097856981498063e-41,-4.952376293363548e+17,241,-979436737
1775658341.9105134,-5.902958103587057e+20,2.222276354839719e-38,1.541463129877527e+34,61950,1207301120
1775658341.9208064,2.5243729523004664e-29,4.866383064057902e-39,-1.2337182436496948e+23,15431,-1917064480
1775658341.9311333,-9.903520314283042e+27,5.575951560945738e-39,134140418588672.0,-268435456,12950772
1775658341.9416993,-3.541774862152234e+22,2.1812611895680103e-41,0.01220676302909851,-18874368,15527
1775658341.951993,0.022420436143875122,-5.115907697472721e-13,2.1780382031000632e-41,-243827952,-50331648
1775658341.962557,5.578961550047108e-39,9.111872514440513e+33,3.377129299022809e-43,3598591,-789708800
1775658341.9729502,8.165085891927844e-41,-8.006262141017777e+37,3.689375203020977e+19,13101964,-958267392
1775658341.98325,7.166660736096412e-41,-9.133899211270079e+36,-1.0384667993472012e+34,2023515877,-867172352
1775658341.9938128,9.516217871229833e-42,-9.526845909926358e-21,3.1809475140173348e-43,-979577109,-318767104
1775658342.0044193,2.0868436608596541e-38,1.1408701539039612e-07,7.218368649429998e-41,-597236480,242
1775658342.014773,-156.9267120361328,-5.902958103587057e+20,1.7928155099334672e-38,1474691072,57660
1775658342.025062,-2.4135889503378518e-20,8590057472.0,1.1076499251526158e-38,-24358912,195
1775658342.0355806,-130317.8359375,-1.5474250491067253e+26,1.8366569540778728e-38,-1544683520,15612
1775658342.0461533,-80945.75,-9.903520314283042e+27,2.2280380737354834e-38,1458831360,51641
1775658342.0564656,0.044632911682128906,2.8166099132928823e-43,-1.1854028432480226e+30,-1375731712,15847014
1775658342.0670543,4.4641120658377115e+21,2.179159241871523e-41,-122520.625,-318767104,1023397798
1775658342.0775847,-6.366462912410498e-12,7.102341136583903e-41,-0.026854515075683594,197,1018123246
1775658342.088153,-4.440892098500626e-15,2.1769171643286033e-41,0.0214422345161438,-1488977920,49979
1775658342.0984633,0.006100177764892578,2.7325320054333933e-43,0.02721952274441719,-1226833920,15580
1775658342.1087968,0.026942670345306396,-5.2890504608140026e+23,7.098137241190928e-41,-51974656,241
1775658342.1191025,0.023432252928614616,-1.214306433183765e-17,7.093232696565792e-41,-73144832,197
1775658342.1296656,-2.513209592260276e+30,-2.305843009213694e+18,2.2223396935303065e-38,-52559872,197
1775658342.139976,-7131.619140625,-1.0384593717069655e+34,1.8170822158297194e-38,-521011200,15479
1775658342.1503253,-95790.25,-2.535301200456459e+30,5.553146829737316e-39,2007388160,1342177340
1775658342.1608944,5.553051541441742e-39,5.9471594538667164e+26,7.093372826412224e-41,-1342902784,-536870792
1775658342.1714673,1.1083379626985992e-38,-5.266396814256374e+17,3.377129299022809e-43,7074975,-2031222784
1775658342.1818037,7.092812307026494e-41,6.791199772409896e+36,3.1529215447308384e-43,-512212098,-33554432
1775658342.1924038,2.2223510440478676e-38,-2.3519598693979678e+21,8.663107366148884e-41,2129854208,241
1775658342.2029757,5.033001655361516e-40,-3.596554313353522e+25,8.088855255468574e-41,-1342771712,-536870852
1775658342.2132149,5.573263870491163e-39,-4.6361492422875017e-10,2.5243729523004664e-29,-476126001,-788529152
1775658342.2235348,2.0902717974227784e-38,2.9618682580558415e+26,8.222819388658027e-41,946268928,229
1775658342.2340972,-641847.3125,-6.044629098073146e+23,1.1168828004743591e-38,516911104,148
1775658342.244673,0.023227164521813393,1.6023737137301802e-31,5.60182793838796e-39,2118537216,-536870852
1775658342.2552438,5.535920667715371e-39,-6.824402154492759e-15,8589996032.0,2864940,192217088
1775658342.2655802,7.093232696565792e-41,5.352760851507694e+28,1.4993893568275543e-43,-941825052,-469762048
1775658342.2761507,1.8354502959702427e-38,505775348776960.0,2.1757961255571435e-41,1011308320,1465909248
1775658342.2867184,2.1757961255571435e-41,0.012204617261886597,-1.3222626152035007e+23,15431,1011332928
1775658342.297316,-9.5367431640625e-06,2.1623436602996252e-41,0.015607625246047974,2131755008,58361
1775658342.3076031,nan,-8589996032.0,5.5892022392243935e-39,-831741952,27
1775658342.317855,-2.5434284724151596e+20,-1.5845632502852868e+29,2.2072072115439093e-38,-438435840,30807
1775658342.3281739,0.02044004201889038,-5.1650883406386745e+20,8.079746815450463e-41,-1342900992,1342177400
1775658342.3384824,1.1083379626985992e-38,-1.958255779754836e-10,2.000028610229492,7909295,-8450048
1775658342.3487794,1.2051166793193427e-43,0.014159158803522587,-4.951760157141521e+28,50687,-18647808
1775658342.3593783,3.377129299022809e-43,1.8182033947310257e-38,-8.952564975862542e-35,58270,-1668878848
1775658342.369776,3.1809475140173348e-43,7.213303297310411e+34,1.0058262819193715e+27,31134,2042373712
1775658342.3803794,-9.284550294640352e+26,3.116207524965528e-41,1.9493324378376088e+28,241,-234958946
1775658342.3909476,-6.776263578034403e-21,1.8159026027824508e-38,-117760.0,50683,-589564928
1775658342.4015348,3.377129299022809e-43,-2.049854166391383e+30,1.0633823966279327e+37,12967611,1189543936
1775658342.4119158,8.681043986492242e-41,-7827.75,-9.903520314283042e+27,1023375338,-354418688
1775658342.4221408,2.179159241871523e-41,-7807.96875,-9.44473296573929e+21,12945356,863633408
1775658342.4324443,8.681043986492242e-41,nan,6.025583396596713e-44,729794257,-788529152
1775658342.4430175,2.2280407362025656e-38,-1.3510798882111488e+17,8.69673852929268e-41,-1631850496,242
1775658342.4535818,7.939350722309759e-39,-3.771943593241806e-22,8.676559831406402e-41,996978176,-234881024
1775658342.464246,5.549729062782828e-39,-5.684145291423381e+33,3.783505853677006e-44,-941183770,-234881024
1775658342.4746914,5.600601802231676e-39,-4.9041243828861447e+36,2.788583944006386e-43,-940003870,-503316480
1775658342.4853563,1.8319988978526106e-38,476.0,4.3628026388288855e-41,-442719264,-301989888
1775658342.4959278,1.8309078468682873e-38,-3.528303658117416e-31,2.1767770344821708e-41,1023165984,-201326592
1775658342.5065281,2.7605579747198896e-43,0.022401299327611923,-3.291384182302405e-37,15543,-1050832928
1775658342.5169618,-1.5111572745182865e+23,2.0696672449331927e-38,-2.1345096502570796e+24,57787,-679314944
1775658342.5272284,2.000014305114746,5.5758324505762704e-39,nan,21,-262677266
1775658342.537761,-1.7014118346046923e+38,2.2072062306349842e-38,-5.761287109100967e+23,15543,-1208234224
1775658342.5484493,2.5243729523004664e-29,-1.975706212402594e+30,-4.056481920730334e+31,12925894,-1496252416
1775658342.5590415,7.075296076222434e-41,-0.00230252742767334,1.975830834697992e-43,-1917123598,-301989888
1775658342.5694337,5.5761337297461e-39,-3.038346767425537e-05,-3.689375203020977e+19,3979262,-1084862464
1775658342.5800047,8589996032.0,5.578813012409889e-39,0.01311492919921875,199,-952604946
1775658342.5906537,-9.903520314283042e+27,0.031154822558164597,-1.0546852993898869e+33,61822,-981780224
1775658342.6012323,-2.535301200456459e+30,1.835441327660071e-38,2.6237692574149207e-17,51166,-559681024
1775658342.611708,2.788583944006386e-43,-903484.0625,-8.0,15899667,-688652288
1775658342.6220024,7.093372826412224e-41,-0.022316455841064453,2.7605579747198896e-43,-973285679,-452984832
1775658342.632346,2.2199804674357693e-38,-12683575296.0,4.3314135532280096e-41,-1629171856,242
1775658342.6429126,-6.296877514964836e+30,-6.776263578034403e-21,1.1163354532941938e-38,-280211456,42
1775658342.6532094,-8.213104123695208e+30,1.6940658945086007e-21,2.133476911934534e-41,-1138300160,199
1775658342.6635103,-2.1802800351348719e+30,-6.776263578034403e-21,1.577862070829744e-41,-561191424,241
1775658342.6739624,0.023435529321432114,-9.5367431640625e-06,2.179159241871523e-41,1018148704,-252182528
1775658342.6845186,5.5761337297461e-39,-3.020226500105339e+17,3.377129299022809e-43,2877598,-420151296
1775658342.6950998,8.680763726799377e-41,-1.5351804506786998e+38,3.377129299022809e-43,1019012861,1329594368
1775658342.705423,7.165539697324952e-41,-2.8007663786411285e-05,-8.407790785948902e-44,34292,-2047545344
1775658342.7156394,-1.5845632502852868e+29,1.7757579241167805e-38,5.45433328771444e+23,30807,1476382576
1775658342.7259665,2.524391007893695e-29,2.0199535194441876e-39,-26752.0,57694,-54079232
1775658342.736158,2.788583944006386e-43,-64326.89453125,-3.777893186295716e+22,13105990,-67829760
1775658342.7465308,8.681043986492242e-41,-4019.5625,-1.6225927682921336e+32,3964027,-846258176
1775658342.7573195,7.151947102221001e-41,-4.793869204280694e+36,1.084209927303747e-19,13088870,1811021824
1775658342.767759,7.165119307785655e-41,4.592352205964575e+17,1.584586106539064e+29,9805007,921108480
1775658342.778063,4.3625223791360205e-41,0.014552384614944458,-9.735556609752802e+32,58270,-1089608448
1775658342.7885706,3.44719422223905e-43,0.014115320518612862,3.009265538105056e-35,15527,1016951792
1775658342.7989044,2.4923024920967173e+36,5.15187380409019e-41,559642828603392.0,1879048312,2019032015
1775658342.8094766,-4026531840.0,1.1051820984270933e-38,5.172014448931176e+33,-201326592,13098735
1775658342.8197656,-6.084722881095501e+32,2.1769171643286033e-41,0.02339756488800049,-1405091840,15535
1775658342.829998,-9.806228637695312,-1.6225927682921336e+32,2.2097521096849696e-38,-16973824,15551
1775658342.8405066,0.023413032293319702,-92274688.0,2.1769171643286033e-41,2019030240,-186646528
1775658342.8510737,4.316980179045464e-41,-0.005093451589345932,2.788583944006386e-43,-1053272350,-33554432
1775658342.861639,1.774456818492655e-38,-1.8047785488306545e-12,6.931382723936275e-41,484668672,195
1775658342.872207,-2.930975570064994e+21,-3.777893186295716e+22,5.5356081781578265e-39,-1492688896,1073741884
1775658342.8826342,5.5357889456597244e-39,-0.84326171875,-2.000014305114746,-243811873,-16777216
1775658342.893205,1.1083381028284457e-38,-4.2723513615783304e-10,-2.000028610229492,2024797695,-618659840
1775658342.9037817,2.179159241871523e-41,0.02342003583908081,nan,3977204,1524686848
1775658342.9143827,7.649408057056311e-41,-8.241261431280119e-25,3.433181237595802e-43,-40403186,234881024
1775658342.9247217,2.0737422208674493e-38,7.582382740622954e+28,8.67417762401705e-41,1732211968,225
1775658342.935087,-8.40831838470359e+33,-1.0141204801825835e+31,2.1287639248094703e-38,1207107584,31431
1775658342.9456444,116621824.0,1.1920928955078125e-07,2.264288543968795e-38,-948436992,7740
1775658342.9562123,1.433638190803891e-38,-55296.0,5.390795192257571e-42,-1334895488,-134217728
1775658342.9667428,1.6243245036218227e-38,5.6699377562760224e-30,7.56462949996466e-41,-1618496000,210
1775658342.9770532,-2.5127049002513207e-25,2.4758800785707605e+27,1.3795154198267342e-38,-1905459200,38559
1775658342.987621,-1.7234601226931064e+32,8589949952.0,1.1571237483445285e-38,250216448,127
1775658342.9980726,2.1366420275574438e-29,-2.8272774843121063e-27,1.4563484744958175e-39,-254840832,3903
1775658343.008636,0.47033262252807617,-6.044629098073146e+23,2.837592956497682e-39,1854857216,142
1775658343.0190976,-2.3518941144133524e-30,4.76837158203125e-07,1.815998591727257e-38,1941504000,48027
1775658343.0294147,4086890496.0,3.517259145455291e-43,1.6156826959923315e-38,-413990912,175
1775658343.0397213,1.0276723567295876e-38,4.518481143391638e+28,1.0789998175301091e-43,15171472,388235264
1775658343.0500314,2.5223372357846707e-43,8.107060925117082e-39,7.367077330550403e-25,180,-675883167
1775658343.0605977,1.4757395258967641e+20,2.3291339106651187e-38,-1.6717177349358544e+24,8154,1064188848
1775658343.0711415,1.3944156602510523e+31,2.1470695070384847e-41,2.6016465426437207e-08,1325400064,13693
1775658343.0817103,3.1493256900055316e-34,4.344025239406933e-44,1.0307720289326741e-38,-782499840,8067
1775658343.0921915,2.823923817250816e+17,2.407412430484045e-35,2.291821256195849e-38,2055340032,123
1775658343.102512,0.3567443788051605,5.577662641004209e+31,2.2052233933079646e-41,-1926786816,268435574
1775658343.1130779,1.5150038138411312e+38,-1.0880332376531663e+25,5.505820776701674e-39,-205668352,-2147483586
1775658343.1233916,2.9343372011762032e-39,nan,1.1256630563921256e-41,830436408,-1593835520
1775658343.1336274,8.42684844506372e-41,-1.4743370691873165e+32,536870912.0,60024,185053696
1775658343.1438382,1.0842061791415965e-19,2.2109200919549843e-38,-1.5132094747964867e+19,29932,1053719928
1775658343.1540656,2.0603033934666196e+37,2.1854650849609847e-41,105501845094400.0,-2130706432,24255
1775658343.16442,9.523874038271787e-32,2.52437325322702e-29,5.606171963627367e-39,196743168,-2147483587
1775658343.1750224,6.448556672105271e-21,-2.541098841762901e-21,2.7504882439552515e-39,-556716032,3950
1775658343.18555,3.4504367385871624e+28,-1.0384629617330795e+34,2.2060607953175616e+32,-731906048,13156
1775658343.1958342,1.8533395214556862e-20,3.1809475140173348e-43,-154.7169647216797,1409286144,4169079
1775658343.2064447,2.0518682368068608e+24,2.1273111986915048e-41,3.2173428417964223e-15,939524159,16554717
1775658343.216955,-9.671406556917033e+27,2.634441112930656e-43,0.3099329173564911,1987051520,65181
1775658343.2272782,-4.4469843653961647e-23,3.689374323411675e+19,1.7801354403894848e-38,936574976,47285
1775658343.2377565,2.9593988636912668e-36,-9.4039548065783e-38,1.6182854677599685e-38,-1212022784,59455
1775658343.2480185,6.087768257710833e-30,-8589964288.0,1.676133633255577e-30,-374341632,12
1775658343.2581584,6.397249788289585e-40,-4.117329149541289e+33,5.40200557997217e-42,2064544864,1073741852
1775658343.268675,1.3290404605943261e-20,-15569256448.0,1.0668504197145665e-38,518545408,3
1775658343.2792494,-4.4619731082162896e+24,1.5111572745182865e+23,6.87920283728331e-30,1969225728,41411
1775658343.2898517,-2.9249157403273865e+23,2.8306228979361305e-43,-3.5624172705221537e+28,1073741824,3700343
1775658343.3001444,-504927092736.0,1.0127184001675453e-41,1.498673581068477e-12,536870968,479436532
1775658343.310721,-8.112963841460668e+32,7.232101374380381e-41,1.545220741146918e-25,238,-300503448
1775658343.3213243,-7.105427357601002e-15,1.0936470298583107e-38,-126528.0,192,-1339254843
1775658343.331619,-2048.0,1.9863953639503833e-38,-95744.0,1797,169720816
1775658343.3418639,-9.80908925027372e-45,2.0239512838330599e-38,-2.8287096058187527e-34,56473,830994432
1775658343.3524778,-1.6543841020723068e-24,7.302219984771198e+31,-1.3690942867206308e+18,7661162,-1011785728
1775658343.3630433,2.4242463432819335e-43,-1.698238289227134e+22,3.961408125713217e+28,13752038,1467613184
1775658343.3735726,7.504653925691558e-41,5.009951564716175e-08,2.704506036146897e-43,-785164500,1929379840
1775658343.3841434,2.731689944474765e-30,-1.1358149378044935e+33,1.3189217328010184e-39,-1762250752,3641
1775658343.3947139,-14347888.0,1.5845685393357476e+29,1.3456400933292544e-21,934281216,34521
1775658343.405272,-6471038246322176.0,2.7745709593631378e-43,-3.64109109796118e-05,503316480,7769271
1775658343.415641,-3.7145621485984285e-34,2.5223372357846707e-42,-1.2838887758441664e+24,-536870898,132614111
1775658343.4259603,-3.2281802128991715e+19,1.2986211219483447e-39,3.722085312443691e-34,1802,604501856
1775658343.436525,3.689351893374468e+19,1.465984718849399e-34,-1.1068046444225731e+20,477852,-403136512
1775658343.446742,2.8292215994718057e-42,3.447401931960685e+21,-1.0842030772142994e-19,482535292,514326528
1775658343.4569893,6.448859610730668e-40,-4.2874148675764445e-11,2.5181333403916963e-42,1102462608,268435463
1775658343.4673243,2.071861369145832e-34,-2816.0,6.660567782720861e-40,-303564800,1798
1775658343.4779034,3.4660976264189146e-37,-1.0141204801825835e+31,6.92126534902385e-40,-203304960,1928
1775658343.4881892,356835.75,-562950423183360.0,2.1624919835942305e-34,-237502464,495583
1775658343.4987736,nan,2.7073086330755466e-42,32754.875,-2147483634,239525861
1775658343.5093787,-1.038920626231322e+23,6.366659442813374e-41,2660433920.0,181,130795458
1775658343.5195982,-1.4278816360970776e+34,1.3586191169968761e-39,-127344.0,1995,-424362968
1775658343.5303206,1.6940658945086007e-21,2.0908871075784634e-38,1.077503010193995e+31,7251,1240720688
1775658343.540891,3.051760359085165e-05,4.173773060447722e-30,-9.328723168125674e-35,32243,359485696
1775658343.5511894,-6.938893903907228e-18,8.220437181268674e-41,1.2991829834163582e-12,-989855744,14790118
1775658343.5614336,-2.682209014892578e-06,1.0104763226246256e-41,1.197819730958848e-17,1191182336,8578878
1775658343.5717323,-6643777536.0,3.960910239260528e-41,-3.7095715076413134e+33,1610612846,54219767
1775658343.582141,-110100480.0,1.3130166610723536e-42,6.453374482278845e-37,-1930231808,818
1775658343.5925708,-756545920.0,-1.0141204801825835e+31,2.9778713405673823e-40,-852045312,1073741851
1775658343.6031437,5.372829873321664e-37,nan,7.922801387446083e-41,-838974208,3471
1775658343.6138542,215966976.0,2.0000030994415283,6.144426050985439e-31,2067791872,887257
1775658343.6245058,1.4884899154005122e+26,4.856900477349816e-42,-3847056.0,-1040187389,236394
1775658343.6348462,-6.256331113208218e+16,3.4051552683093055e-43,-4.642762263231128e+21,50331651,16309183
1775658343.6451635,-0.62890625,8.967609522446667e-41,-4.447338142199442e-08,872,62974481
1775658343.6557043,-146028888064.0,1.2219322608912405e-42,6.012828665870552e-37,-1088421888,208115
1775658343.6660807,-8.91159288585186e-08,1.317220556465328e-42,-7.082403122740278e-17,268435459,240667
1775658343.676768,1.9273394326535883e+26,3.961409542423162e+28,1.7402600912886578e-38,527237120,984
1775658343.6873596,1.3338399286068662e-30,-7.782220156096217e+18,3.5325473117010746e-40,1309617664,213
1775658343.6976814,1.0267424606738555e-36,6.330083124339581e-10,4.779829061811951e-42,1543502312,-402653171
1775658343.708269,1.3958989138197544e-36,-4697620480.0,7.665522989396047e-41,1534036992,-2147483435
1775658343.7188733,-1027291938816.0,-6.338253001141147e+29,3.084622257579647e-40,-540057600,134217835
1775658343.7294931,6.463375493366793e-37,nan,7.627267541319979e-41,519274496,805306381
1775658343.7400663,6.559228384932983e-31,-7.13053462628379e+29,3.3823281163254542e-40,1607422208,213
1775658343.750299,3.059561048842416e-23,-0.00830078125,3.1104061493232235e-40,731645952,268435508
1775658343.7604382,9.531363105032255e-37,7.888609052210118e-30,2.3206903867683296e-41,-651161600,134217731
1775658343.7705762,3.5341868309043346e-40,-1.1173685782447525e+27,1.317220556465328e-43,1588711362,-1040187392
1775658343.780823,1.28416532699037e-39,2.1277212484379545e+24,3.8034042918704185e-41,1269555488,134217834
1775658343.7914214,-3632902701056.0,-562949953421312.0,7.500681244545197e-39,1577582592,214471
1775658343.8019876,-30424.0,2.970752744368612e-43,1.3749096227898677e+26,-327680000,221236
1775658343.8125582,7.41656549507752e-08,2.956739759725364e-43,4.8019948074840525e-23,-212860928,861391
1775658343.8231235,-4.025267655836171e-22,4.764414778704378e-42,-5.1268600476106485e-11,-1291845632,871210
1775658343.833642,-50843353088.0,2.4382593279251817e-43,6.318691677901622e-31,-194510848,880013
1775658343.8439262,1.6689227777533233e-09,4.858301775814141e-42,1.0789497164415055e+35,-2130706429,904024
1775658343.8541565,-1.826022328522148e-32,4.764414778704378e-42,6.601444067938069e+24,-1879048179,53203645
1775658343.8645043,2.540132114811658e-28,1.872555137877253e-41,4.786252842084622e-16,-1241513981,1743664
1775658343.874937,5.546551660391919e+27,-7.10544938045763e-15,7.013962923997094e-37,1176043520,54253
1775658343.8854928,5.263063940219581e-08,131072.203125,9.073547175830754e-07,301465600,6882927
1775658343.896059,-4165992448.0,1.1995114854620434e-42,-6971279529738240.0,-1761607680,14272034
1775658343.9066312,-1.467281283711082e-28,7.812238938610855e-41,-2.549913485165419e-22,221,54734115
1775658343.917358,2.327027459614328e-13,1.8931542253028279e-41,6.004316674079746e-06,654311427,252502
1775658343.9280362,6.320922406184338e-37,-2.0000061988830566,4.892627316621656e-07,-30408704,232602
1775658343.938603,-1267.59375,1.0141208428603294e+31,3.5686867990960116e-40,-484095232,1258291203
1775658343.9488862,3.5699059287599742e-40,255.08203125,8589990912.0,12258545,-349896704
1775658343.959105,3.957687252792581e-41,2094914338816.0,562957335396352.0,53087984,-1286144000
1775658343.96925,6.866362475191604e-44,1.0460445006356574e-38,-5.005858838558197e-08,14847,-1209077920
1775658343.9795175,3.689354972007026e+19,4.5351734383537945e-30,7.427640235712282e+28,35900,-1905273088
1775658343.9897897,3.2229864679470793e-43,1.069809947049301e-34,8.437482395119095e+33,462557,-571564032
1775658344.0000389,5.041871874640692e-42,-123459840.0,1.0842030772142994e-19,244886395,-81788928
1775658344.0105937,6.9196538557898764e-40,2.77499142664618e+17,2.7465449900766415e-42,1348236920,-268435449
1775658344.0212216,6.941345956017625e-40,-4.534409461065308e-30,-1.584564572547902e+29,466423,-700735488
1775658344.0318017,2.788583944006386e-42,-8.502597938091892e+21,-2.9103830456733704e-11,12905831,1739194368
1775658344.0424144,7.0643659482007e-41,-2.63612121462993e-21,2.886674836509123e-43,-296173734,-587202560
1775658344.052994,7.165777918063887e-40,-3.2295637187046997e+22,4.4509443122349165e-41,467983080,1744830588
1775658344.0632198,1.1377862499263853e-38,1.4068316390641137e-34,7.567011707354012e-44,-1283516488,-1207959552
1775658344.073384,2.2361616811928672e-38,1.1811367237062345e-34,3.1809475140173348e-43,14878523,1193082880
1775658344.0836773,2.1466491174991873e-41,0.006562214344739914,-3.1296361596292583e-34,15211,1782544192
1775658344.0938284,-1.1920928955078125e-07,6.063558584979916e-41,-8.082948625087738e-06,-1073741764,3899254
1775658344.1043322,105984.0,2.178598722485793e-41,6.48753866635865e+33,-2113929216,3979527
1775658344.114896,nan,3.279038406520072e-43,1.7896684247154106e-20,1970274304,60031
1775658344.1258225,-1.5103013455932663e+25,1.5845689171250662e+29,2.2446006363959565e-20,1567621120,15047
1775658344.1364858,1.1443808034528047e-07,3.851887439423319e-34,1.3035841388017201e-20,1026031616,51994
1775658344.1469927,3.131088644840616e-23,2.8446358825793787e-43,479554994176.0,1342177310,514096629
1775658344.1573236,-2.636713248474717e+32,2.768109572144136e-39,-1.4552846550941467e-05,7806,2125984848
1775658344.1676438,2.524363924503852e-29,5.739686280009771e-39,-1.0664523917613335e+19,7923,1862268096
1775658344.178224,3.851859888774472e-34,1.1139895395350677e-38,5.2354345668182016e+17,4026,952104064
1775658344.1887767,-2.4178559626849006e+24,9.10887149412641e-30,-9.411038056094375e+33,45247,-1410896896
1775658344.1994798,-8590060544.0,2.1853701616363175e-29,1.3183566242373586e+32,1014956,-600137728
1775658344.2100482,1.7376100957627732e-43,1.1401666356277338e-38,-2.247846445845951e+24,3981,260958176
1775658344.2206194,492581209243648.0,5.724304226766878e-42,-6.230477941320962e+32,-536870897,1045847
1775658344.2311842,-3.6087676570244226e-34,5.508504263260856e-42,-6.33005470263015e-08,-134217713,252288118
1775658344.2417512,-0.0020751953125,8.587156989382479e-42,4.384299584601131e-25,-1342177280,1863
1775658344.2523665,1.023766580537923e-29,8590058496.0,1.355659229051914e-29,-615514112,52621
1775658344.2626576,-1.1811006125197772e-30,2.872661851865875e-43,-3.388230577608545e+23,1694498816,231
1775658344.273184,7.864727520899716e-29,2.1019476964872256e-44,6.311168023626111e-41,1878493184,-2147483633
1775658344.2835045,1.1783582688349021e-29,-1.7462298274040222e-10,5.5967860665133194e-42,261799744,-546308096
1775658344.294072,1.3942681499292995e-39,-7497318400.0,5.445445832366239e-42,782753648,1879048207
1775658344.3047647,1.1771644179642974e-29,-1.7293822569102705e+19,1.4574414872979909e-39,2146334720,4075
1775658344.3150609,4.9492266075234615e+27,-1.5845660837051765e+29,1.5086937728962008e-29,-306184192,16252127
1775658344.325395,-3.2650668536151905e+28,5.661245795872261e-42,-15064848.0,268435471,264988079
1775658344.3359694,-1.0376293541461623e+19,1.45516017339807e-39,3.8815450244050824e-22,4056,-392440736
1775658344.3463132,-8589949952.0,1.0880320269117612e-38,2.0032011142543966e+19,43631,1796180736
1775658344.356899,-8589997056.0,1.7831843803442842e-29,3.8116482626443515e-21,1001878,1333051392
1775658344.3671424,5.421623758472717e-42,6.139825644857275e-21,-2.0000035762786865,254060532,-169869312
1775658344.3774629,1.3778113007642688e-39,-125600.0,5.3809861030072976e-42,885945840,-1627389952
1775658344.3880286,2.0714003708738696e-38,1.233816146850586e-05,8.046536041845965e-41,1306472448,224
1775658344.3986082,-4.143945346374104e+29,2199023255552.0,1.4379312087791964e-39,-553816064,4008
1775658344.4091718,-3.533417437068656e+31,2.1019476964872256e-44,1.7530306847134356e-38,-125042688,4022
1775658344.4197416,0.12448889017105103,-3.0423614405477506e+32,1.4110599094273037e-39,1995798528,3934
1775658344.430348,6.4114661615573284e+35,8589949952.0,9.367648770177447e-30,-1655701504,998911
1775658344.4410307,121891171860480.0,1.1081468255880653e-41,-859.4677734375,-671088519,505932957
1775658344.451602,-3.5998900258307764e-21,2.7692067888417024e-39,-3.547992081437819e+17,147,3237678
1775658344.4619606,8.972496317452326e+23,6.866362475191604e-44,-7668.9287109375,-402653184,12967591
1775658344.472436,-3.3861802251067274e-15,7.098137241190928e-41,0.04475688934326172,225,-1055033517
1775658344.4829612,549755813888.0,4.932333774982885e-39,2.116691824864133e+18,2009430,1500819456
1775658344.493528,3.2650254218768238e-43,-7403.67724609375,-8388608.0,5760861,499843072
1775658344.5041418,2.1285723673093971e-41,0.056423187255859375,2.788583944006386e-43,-944806260,889192448
1775658344.5144913,0.021196061745285988,6.591783121186793e+31,5.572228310926027e-39,980701184,45
1775658344.5247629,-5578.8984375,9.44473296573929e+21,1.7786881793355302e-38,120127488,50527
1775658344.5353937,9.732560269724353e+18,2.7605579747198896e-43,8.170157191070236e-39,-141623296,112
1775658344.5459752,1.0374382859871601e-38,-2.4563632905483246e-08,3.1389085600875902e-43,14725803,-1259667456
1775658344.556545,2.9847657290118604e-43,-1.1045383430180877e+23,-7.62939453125e-06,14007069,1575288832
1775658344.5668423,5.370196104831996e-41,-3.414052937343186e+31,1.4153114489680652e-43,1894645237,1090519040
1775658344.5769992,5.42393169704346e-39,8.214650944281405e+27,1.5694542800437951e-43,2091837301,-1655701504
1775658344.5875442,7.171144891182251e-41,4.4855024207450755e+33,3.0127916982983567e-43,534958547,1563951104
1775658344.598111,8.716777097332525e-41,-1.268309578136715e+26,2.4178559626849006e+24,6862827,-139264000
1775658344.6083636,1.9337918807682476e-43,2.0175409038781595e-38,8.046912486809875e+24,182,11908307
1775658344.6189182,2.1533991161885582e+24,8.78712228024163e-41,-1.8337605801934338e+31,242,-843268269
1775658344.6294875,6.64613997892458e+35,2.054702498372975e-38,-6.810088283353266e-31,235,-1616421530
1775658344.639732,1.5111572745182865e+23,2.929897887641222e-39,-223346688.0,31303,1689482584
1775658344.6500258,562950960054272.0,1.1258496696921454e-29,-1.0658141036401503e-13,1005788,-590155776
1775658344.6605902,5.62901593119279e-42,-1.2962969782453471e+26,8589949952.0,258660073,-397934592
1775658344.6709197,6.558917592118739e-41,-3819241472.0,3.29305139116332e-43,-348293275,1174405120
1775658344.6811943,4.14307763832429e-39,1.1801719665527344e-05,1.6217227127631108e-41,-579368448,231
1775658344.6917577,-8.275806748920679e+23,1.1641532182693481e-10,2.123102679013598e-38,-1755840512,53135
1775658344.7023659,-1.495446083217801e-29,4.203895392974451e-44,1.2642403107855297e-20,978845696,52022
1775658344.7126908,3.181167401733935e+28,7.10545276858942e-15,6.337025826007343e-21,1957167104,63439
1775658344.7232552,6.885581617784422e+18,3.433181237595802e-43,5.039522353280812e-21,-193986560,4021708
1775658344.7338333,-0.007130622863769531,8.127531093083939e-44,1.1558195470392413e-29,-381157376,57339
1775658344.7444303,-5.3836629376746714e-08,3.517259145455291e-43,nan,1157627904,20845
1775658344.7545695,6.565953587589939e+16,2048.0,5.36024688573529e-41,1196914432,1879048223
1775658344.7648654,1.674774751583677e-38,-4.4565240386873484e-10,3.3210773604498165e-43,1988617998,-393216000
1775658344.7751687,1.789037749403494e-41,-3.7327635857609925e-25,-3.602879701896397e+16,2027,1273871104
1775658344.785723,-0.5,1.3864545096922243e-39,-1.1113171529649927e-21,-268435425,1000207
1775658344.7963135,-143.9375,-1.5845660837051765e+29,1.0733048004412467e-38,-1476460544,155
1775658344.806895,1.4294767547543855e-38,1.0181769621033139e+34,8.030421109506229e-41,-616571904,255
1775658344.8174653,1.0052971235004811e-38,153931627888640.0,2.1201645765234482e-41,-2089424752,-1879048161
1775658344.8277912,9.895241079860409e-39,-3.2958915605933964e+32,1.4993893568275543e-43,7075203,1467613184
1775658344.8380718,2.2839763670030193e-41,-4.635690397555625e+26,1.661534994731145e+35,12311431,2049441792
1775658344.84843,2.3142341843536458e-38,0.000640869140625,8.455855323275244e-41,1866082304,247
1775658344.8590002,-1.4259050658438355e-05,7.105427357601002e-15,1.7228922579919696e-38,1971650560,30643
1775658344.8692784,7.080135995786921e+21,2.0000150203704834,1.0331215860678075e-38,-411435008,8067
1775658344.8798647,2.3889887653540205e+38,-0.000762939453125,3.0688436368713494e-43,2143025018,2001731584
1775658344.8904822,3.859456230443411e-41,-3.2121115663141797e-15,8589949952.0,12961655,-407568384
1775658344.900711,2.167528464617627e-41,-31812453662720.0,9.860761315262648e-32,13617959,-1492254720
1775658344.9113932,2.1106357469660395e-41,7.410337484919047e+28,-1.4411518807585587e+17,7718647,-272920576
1775658344.9219663,1.317220556465328e-43,-6.729270636881651e+23,-1.0141204801825835e+31,3802999,-971157504
1775658344.932207,2.5223372357846707e-43,-220.2808380126953,-9.860761315262648e-32,48270,1813780736
1775658344.9427714,6.938893903907228e-18,1.1055839908266617e-38,-0.977783203125,45,-230174354
1775658344.9530044,8.507059173023462e+37,2.2237038575853267e-38,-68316823552.0,62023,-1477988096
1775658344.9635677,3.433181237595802e-43,0.05173477530479431,0.00091552734375,1038428,775598080
1775658344.973802,5.683666571301458e-42,-5.250677349977195e-05,-1.0384612286170245e+34,265414201,1005584384
1775658344.984384,4.372891987772024e-41,-7.649352714584123e-22,3.851915908427128e-34,254993180,1544028160
1775658344.9950874,1.3956974743629108e-39,-313292094439424.0,2.129973665773722e-43,254862510,-120586240
1775658345.0054464,8.965787834443045e-41,1.1396827176213264e-05,-7.10544006309521e-15,12168824,237305856
1775658345.0157552,7.993426830048054e-41,-1.2549307663245721e+31,2.550363205071167e-43,-18645273,1879048207
1775658345.026367,2.4016272679503148e-29,-4026531840.0,1.4537812957091744e-39,-140828672,114
1775658345.036874,-6319886041088.0,-2.4178559626849006e+24,1.147670155035499e-29,1906835456,1001670
1775658345.047474,15482.0,3.783505853677006e-44,-316.9934997558594,1459617792,14808062
1775658345.0580428,7.808584982500581e-22,8.720980992725499e-41,-2.1136179009368643e+27,-1073741809,262748811
1775658345.0683665,0.00011444091796875,5.7116925405879544e-42,1.6686630187097736e-29,-943194112,1036879
1775658345.0791702,-5.229332434983672e-23,3.2650254218768238e-43,-681531801600.0,-1291845632,13833799
1775658345.0897446,91648.0,7.588031184318884e-41,-1.9560558480880134e+24,117,-280041709
1775658345.100355,1.0587911840678754e-22,1.981867488352457e-38,5.558653716356346e-22,1044095,2138144768
1775658345.1109283,5.714495137516604e-42,-3.43928419363235e+21,-1.0384612286170245e+34,-445864100,738197504
1775658345.1214995,1.1128097863579526e-38,2.0063035061378574e+37,4.362382249289588e-41,-1457644520,268435486
1775658345.1320732,2.1046331448642577e-38,125440.0,4.3663058849896975e-41,2025295440,240123904
1775658345.1426373,5.5267211432970785e-42,1.0060763121456186e-29,-6.1136720154628415e-30,3912,-1006684128
1775658345.1532087,1.734723475976807e-18,2.093842305909878e-38,679477248.0,50956,205983744
1775658345.1637845,3.2369994525903274e-43,-35982.12890625,3.8685626227668134e+25,14863438,1315569664
1775658345.1744862,8.135938883869888e-41,17.8017578125,-2.0000035762786865,10510137,-1909063680
1775658345.184723,5.3823874014716224e-42,-5.3771643644175974e+17,2.0000035762786865,267185859,-884998144
1775658345.1952412,1.4381414035488452e-39,-7.91554322088217e-15,3.0517632694682106e-05,1029238991,1936719872
1775658345.205815,1.461743473583468e-39,-1.77685546875,5.708889943659305e-42,-572528784,973078528
1775658345.2161438,1.4105106004292884e-39,-2.259906293014515e+19,3.0968696061578457e-43,-779661776,268435456
1775658345.2267141,2.2431950784450064e-38,-1.724004816310392e+32,5.3964003861148705e-42,1107277944,-1023410176
1775658345.237071,1.3929425215820482e-39,-7.704938804512207e+31,7.520768858031293e-41,-820522496,3860
1775658345.2476811,-68035018752.0,2.417886803335149e+24,1.1475407566173605e-29,-1184890880,996575
1775658345.258247,-6.632676351209898e+18,5.4356367431159654e-42,6.02325790537023e-18,134217743,254623160
1775658345.2688427,-5.340576171875e-05,1.3937608798852139e-39,-7.617787825746516e+31,59574,-1302897664
1775658345.2794557,4.235164736271502e-22,1.3912861867972163e-39,-5.638506733467861e+18,4072,1625201856
1775658345.2900257,-2.1019476964872256e-44,2.2173851358431096e-29,7.3909759521484375e-06,1025031,-9336832
1775658345.300534,2.5083242511414226e-43,2.2772228764355596e-29,2.37684487542793e+29,1034879,-9420800
1775658345.3111057,5.6640483928009106e-42,-4185104.0,2.0000035762786865,6356848,120848384
1775658345.3217142,1.401298464324817e-43,7.56415876604613e-21,8.0108642578125e-05,12446,249693952
1775658345.332258,-4.203895392974451e-44,1.0265260945857699e-38,-1.2042034531317595e+23,62446,-1629095168
1775658345.342815,3.689355411811677e+19,2.045867081210674e-29,4.543259751217974e+33,15929,2129575680
1775658345.3534203,-3.461207206882298e-43,1.3236857481325555e+36,2.37684487542793e+29,2062333,-42975232
1775658345.363988,1.2191296639625909e-43,0.060385897755622864,4.9591064453125e-05,43199,-2014279936
1775658345.3745658,-2.000014543533325,1.4688116230375224e-38,-19.5,64991,-406729216
1775658345.3848805,-4.656647289991156e-10,5.776925786699203e-39,-1.740782344747823e+24,-1476394946,12958136
1775658345.3954897,-3.4226566206162194e+32,2.263237149731012e-41,-3.2911422813918477e-16,-16777216,63069
1775658345.4060614,-7.027414221011318e+31,6.490371073168535e+32,5.830532459451949e-39,1580752896,242
1775658345.4164362,-1.4714764444750705e+38,3.777893186295716e+22,2.3507001742907705e-38,-437452800,65245
1775658345.426838,540324065705984.0,3.689362008881444e+19,1.3128486424416707e-20,2002780160,3966973
1775658345.4374595,3.2739808644848835e-21,2.802596928649634e-44,-7.76724412117205e+29,-2097152000,15855333
1775658345.4477954,-3.4226566206162194e+32,1.0850254009267059e-41,4.655079101557028e+22,-83886080,1005434
1775658345.4583824,1.0136271226224801e-20,1.4153114489680652e-43,0.062211621552705765,-1080033280,59965
1775658345.4686823,-3.5844329578226872e+22,-9.44473296573929e+21,1.4047596715316994e-39,-237021184,203
1775658345.4790025,1.0644031757430245e-29,-1.2461512460483586e+36,1.1228132357052282e-38,-679530496,3876
1775658345.4894361,1.0033397757069906e-07,-1.9073486328125e-06,1.4512435441902822e-39,1553973248,230
1775658345.499669,7.872409560018577e-21,-0.00189208984375,7.225515271598054e-41,905827072,1073741884
1775658345.5102615,5.5293177493514724e-39,9.296927601099014e-07,-562953979953152.0,6741758,-560267264
1775658345.5208673,2.7745709593631378e-43,2.1854554160015809e-38,-3.813093005486514e+34,205,15595637
1775658345.531181,1.0153087938169737e+23,1.8497139729087585e-43,1.3628126427812146e-38,-1235681280,8088
1775658345.5417461,374747.75,-2.4758800785707605e+27,2.590440341150857e-41,-241482240,253
1775658345.5523355,1.915676735000535e-38,-3483252836794368.0,2.5223372357846707e-44,11070975,-637599744
1775658345.5629027,2.5223372357846707e-44,1.9511450004310604e-38,-5.3192736063043684e+26,212,11401148
1775658345.5734646,-1.4960765838623047e-05,3.0127916982983567e-43,2.1853780643263501e-38,-1259470848,169
1775658345.5837467,1.546313517463628e-38,3.5122600716342986e+22,5.605193857299268e-44,2633828,1680867328
1775658345.5939853,5.605193857299268e-44,5.590394744217534e-39,-3.2272794929736974e+19,-268435396,259975135
1775658345.6043046,-0.171875,1.4230213931187804e-39,-1032585216.0,3962,6651120
1775658345.614858,7.933829599841217e+36,1.3592595103950726e-43,2.0456738863631277e-29,1894776832,57083
1775658345.625574,-9.058990650455753e+18,1.5474250491067253e+26,2.2510881723050088e-38,1592164352,60726
1775658345.6360953,1.1855566129416269e-20,3.3210773604498165e-43,2.2465017224312736e-38,-11206656,62619
1775658345.6466517,-9.845089544428772e+31,-524288.0,1.1025780654908385e-38,657318136,65020
1775658345.6573806,-3.6408312214969076e+27,0.00048828125,9.084337684524924e-41,2101099008,-384827392
1775658345.6680727,2.3285848819267963e-38,3.894222643901121e+35,9.09596846177882e-41,-1356375040,536871037
1775658345.6784124,1.5967505932199175e-38,0.00092315673828125,5.663207613722316e-41,-1378773504,-1778384896
1775658345.6889777,5.661385925718693e-41,-1.1222176104062055e+37,-6.462348535570529e-27,64500,-135226368
1775658345.6992242,140737488355328.0,6.247408943499332e-41,-5.257216884047011e-11,939524096,990759
1775658345.7095003,2.46433648091798e-20,1.233142648605839e-43,-3.4884589365481715e+31,-2030043136,4091623
1775658345.7200725,-2.461027758467768e-20,2.6624670822171524e-44,-1.3641706490524882e-16,1979711488,15014983
1775658345.730638,-8.594706998822754e+23,2.3401684354224445e-43,1.541946791189099e-38,-416022528,167
1775658345.7412157,6.603335950840907e-39,-1.105033756991497e+24,2.3401684354224445e-43,-355526854,1392508928
1775658345.7514389,2.1540837065016626e-38,4.426708746865812e-25,8.423345198902908e-41,-814262272,186
1775658345.7617314,-4.671750689385349e+17,562949953421312.0,5.7104243654777404e-39,1035622400,57
1775658345.7723398,0.0006671783048659563,1.0141204801825835e+32,4.061943858538347e-41,1555512576,231
1775658345.7826686,3.1010172679011626e+34,5.764607523034235e+17,2.2120557042304731e-38,1193213952,7959
1775658345.793236,-7.625087164342403e-05,9.62964972193618e-35,1.4291548764971301e-39,501803008,188
1775658345.8034754,-3.170984339084531e+33,1.0141204801825835e+31,1.3878782289319783e-39,-186044416,8174
1775658345.8141713,-3.789808661405293e+28,-4.656630081534274e-10,7.174257175071517e-39,663814144,16078
1775658345.8247352,-3.2440296554073028e+28,-6.938893903907228e-18,8.567118421342634e-41,-538496000,1073741886
1775658345.8350453,5.751001765109194e-39,-0.05963134765625,4.2654123955583107e-41,1012787296,184549376
1775658345.8457134,5.704438018438145e-39,-3.432150397220113e-15,8589966336.0,2082679,-1619550208
1775658345.8559756,3.5733110840282835e-43,1.9001186786705222e-38,-2.0589517865311653e+24,110,535254911
1775658345.8663342,527765581332480.0,1.1444404558140781e-41,0.6147012710571289,989855744,7993
1775658345.8768969,3.922407746665202e-20,-0.001708984375,6.774297166085463e-41,-1646813696,-1879048161
1775658345.8872185,1.3992798938869572e-38,-5.134781488891349e-15,1.1161342268347168e-41,-1201783920,-117440512
1775658345.8976169,2.325551070751533e-38,-8.174752174077233e+37,2.5643761897144152e-43,-1276645189,-1157627904
1775658345.9078608,5.478538896899734e-39,-2.76818498678999e-15,-7.105480720676679e-15,13442422,1968111616
1775658345.9181542,2.271084421131231e-41,-13038035927040.0,-0.00048828125,62781,1324643840
1775658345.9287248,-4.656683372239456e-10,2.1836530659167663e-38,349644697632768.0,190,11984502
1775658345.9393485,-0.240234375,2.6064151436441598e-43,1.6518273681915866e-38,-498139136,30647
1775658345.9496684,-29128128.0,-8796093022208.0,1.0956818553583568e-38,1332187136,1342177343
1775658345.9599838,1.725328975891584e-38,5.10702591327572e-15,2.2755685762170704e-41,-1277281536,-587202560
1775658345.970477,8.965787834443045e-41,-0.00045534223318099976,-0.001953125,3822,235381248
1775658345.981062,-5.902958103587057e+20,4.314597971656112e-42,-1.094993954399794e+19,-134217608,-977737731
1775658345.991562,-4.153837486827862e+34,2.0925902457320038e-38,-8.407367073339593e+37,61807,-555243648
1775658346.00181,3.377129299022809e-43,1.4741326648942676e-12,0.001953125,3591959,389742592
1775658346.0122712,4.262049279243931e-41,-7.450074803873144e-30,1.891752926838503e-43,12820155,-1631911936
1775658346.0228355,1.891752926838503e-43,-5.875710973997744e+20,1.7014118346046923e+38,14810833,-780206080
1775658346.0331192,4.3403818633996884e-41,-2.7794159849009893e-34,-2048.0,7894807,-572583936
1775658346.0436838,2.704506036146897e-43,-27.734254837036133,-8.0,3997183,-1091225600
1775658346.0542479,2.788583944006386e-43,1.8364347081414308e-38,7.399389073228255e-25,38111,-1357422336
1775658346.0648625,2.1019476964872256e-43,1.1001722674599044e-20,2.1267647932558654e+38,59197,1031783936
1775658346.0754638,2.872661851865875e-43,2.547976793786422e-39,-0.361328125,51,1793593
1775658346.0860043,-1.0403315139225846e+18,3.1529215447308384e-43,1.7987256263366036e-38,1998389248,58205
1775658346.0963237,2.0816833746357453e+18,3.1809475140173348e-43,-2990.451904296875,-1090519040,12925671
1775658346.106619,-1.46393360968959e+24,7.075155946376001e-41,-1.8076171875,30,13221690
1775658346.1169014,7.237830359838992e-25,7.358078106323182e-41,3.6517907502645184e-34,243,-987896428
1775658346.12747,-0.03125,1.8836857917092315e-38,nan,50461,-1653097216
1775658346.13804,2.8166099132928823e-43,-1290232.125,-8.0,9805175,-138149888
1775658346.148376,4.3438851095605004e-41,4.928340312302305e+34,-6.352747104407253e-22,26815,-2014875392
1775658346.158953,562951966687232.0,3.351856881218711e-39,1.8130824867082963e-34,7911,2040412496
1775658346.169516,5.273426496949434e+32,4.3625223791360205e-41,454590612897792.0,1191182336,7986999
1775658346.1798298,-1.9739838137965452e-20,3.2229864679470793e-44,0.024397028610110283,1191182336,4005607
1775658346.1904476,0.090057373046875,1.0789998175301091e-43,2.8450602902025017e+34,-1188036608,11581
1775658346.2007387,-5.2089583268213555e+17,-8590059520.0,1.6156873202772638e-38,-15728640,15863
1775658346.2109687,1.909317586955356e+36,-1.4411518807585587e+17,4.438052366363128e-41,1608480000,1342177280
1775658346.221122,1.4449391023992848e-39,9.671406556917033e+28,1.064986832886861e-43,2050729956,-1673527296
1775658346.2316568,5.540033478708164e-41,-1.6190377567463071e-34,-8589949952.0,16285532,-407764992
1775658346.2419484,5.463662712402462e-42,9.255513756114654e-30,2.4338891524382005e+32,1034175,2136745984
1775658346.2525692,1.2751816025355835e-43,0.05663028731942177,9.367487224930632e+17,988799,-1084471296
1775658346.2628102,3.783505853677006e-44,0.014157586731016636,3.0115321779502e+35,1013631,2044973056
1775658346.2734709,1.1018409824986037e-41,6011335213056.0,2.4758800785707605e+27,7384798,-563150848
1775658346.2839167,3.0377348109633384e-41,3.163707349073908e-21,3.2650254218768238e-43,261140107,-1686110208
1775658346.2945814,3.550469919059789e-41,7.4790479172448e+23,2.1019476964872256e-44,11124467,-1372258304
1775658346.305148,1.233142648605839e-43,1.5582691157015544e-38,-10.8125,3911,130126640
1775658346.315403,562950960054272.0,1.6504819815359883e-38,-4.191091917959966e-15,54971,-1146644992
1775658346.3256395,2.9987787136551085e-43,1.1211885474945727e+36,-5.2506581851510546e-27,8083451,1021114368
1775658346.3358614,5.616264115167434e-41,7.712193869304247e-30,3.363116314379561e-44,-969060758,1778384896
1775658346.3464549,1.820555474203395e-38,9.013827346416461e+36,1.0771781295264869e-41,1090511760,-654311424
1775658346.3571224,1.4232652190515729e-39,-261821206364160.0,3.4051552683093055e-43,260042142,-835190784
1775658346.367719,1.0892292963196803e-41,-0.10537421703338623,-6.776263578034403e-21,3934190,131909632
1775658346.3783157,-2.000028610229492,0.00829977449029684,1.5211807202738753e+31,8351,250073600
1775658346.388877,-3.4051552683093055e-43,0.017447758466005325,-0.000274658203125,12317,481778176
1775658346.399529,2.7745709593631378e-43,-8.394004702999353e+33,-6.776263578034403e-21,16215789,-341966848
1775658346.4098344,4.436791197745236e-41,-1.507913241634699e+23,8589949952.0,266731379,1920991232
1775658346.4201396,7.815602054925235e-41,1.4874263669297906e+19,-1.084218069862902e-19,-157489981,-184549376
1775658346.4308367,1.1259992278937171e-38,-5.174448338083614e+35,4.4268419786485296e-41,1877397280,536870973
1775658346.441148,0.10932692140340805,-7.555786372591432e+23,1.414792968536265e-39,-221687808,4046
1775658346.4517221,-5.4494737235725224e+23,-8.547920632381384e-44,1.5775215438204627e-29,-914358272,1036154
1775658346.4623194,-3.1180614739500516e+28,5.578569186477097e-42,-1.311979117268592e-36,1828716544,1001191
1775658346.4727774,1.80419921875,8.802816823042068e-41,9.401786639692685e+21,245,1036840618
1775658346.4834888,2.6937575254849875e+30,1.4144804789787206e-39,-2.4727794559086263e+38,3942,-824296512
1775658346.494053,-2.000014543533325,0.1000332310795784,0.0003662109375,43711,1039463936
1775658346.5046165,-3.461207206882298e-43,-2.4077666833279675e+32,536870912.0,8077300,-409077760
1775658346.5148492,4.4212367847912303e-41,-1.6242100997487796e-09,2147483648.0,993266,-1636497408
1775658346.5251472,2.942726775082116e-43,1.016423370771839e-29,9.735556609752802e+32,16132093,1468858368
1775658346.535647,8.830282272942835e-41,8.602578975719424e+18,131072.234375,12164922,-409010176
1775658346.5459585,5.5127081586538304e-42,-2.1011969572497e+17,-5.764607523034235e+17,1001116,-1150296064
1775658346.5565228,2.5223372357846707e-43,-1648708961697792.0,1.7014118346046923e+38,14203767,-405012480
1775658346.5670555,7.761652064048729e-41,9.72179385186517e+17,2.5223372357846707e-43,2073943927,-193986560
1775658346.577616,4.4344089903558836e-41,1.640296776574921e+36,7.605903601369376e+31,8113054,-1636536320
1775658346.5881755,4.440854963291778e-41,63930.875,-3.689402910713997e+19,258227642,-1159725056
1775658346.5987434,1.1377642495404954e-38,-3.8812419017547837e+36,-3.689355411811677e+19,14612538,133693440
1775658346.6094246,1.9197788961249994e-43,7.972339630126953,2.658455991569832e+36,17735,1188125440
1775658346.6197505,-3.051768726436421e-05,1.0388843233008339e-20,-0.000885009765625,2016334,444227584
1775658346.6303442,2.858648867222627e-43,-618.3624877929688,2.3611832414348226e+21,15801319,-412942336
1775658346.6410189,2.1539358695136763e-41,2.0807430523750892e-17,8589996032.0,6348266,-414646272
1775658346.6515818,7.124621782166667e-41,1.7749675557173163e+27,2.7465449900766415e-43,1103551783,-234881024
1775658346.662314,1.1062767927874239e-38,-2.6800651846718097e-20,4.90454462513686e-44,-1069088798,553648128
1775658346.672887,1.7657883861923416e-38,2.1400570732137146e+38,8.045415003074505e-41,471810048,121
1775658346.6834893,9.296262220766134e-30,-0.00048828125,1.42275234381363e-39,927987712,15591
1775658346.693779,7.832629465694863e+17,562950960054272.0,4.372918612442846e-39,664993792,7910
1775658346.7040079,5.7753464138568006e+35,2.524359410605545e-29,1.255368458452187e-29,-175636480,1015436
1775658346.7144911,3.1709936470477638e-24,8.688050478813866e-44,-1709327253504.0,-469762048,7920159
1775658346.725084,-32480.0,3.517259145455291e-43,1.1815828473222586e-29,-364380160,64378
1775658346.7356253,0.048737525939941406,8589949952.0,2.5971609685857587e-39,-1354432512,59164
1775658346.745924,1.0900258473611757e-10,3.461207206882298e-43,2.1729017435790806e-38,-1880096768,3868
1775658346.756126,8.886433356397145e-30,0.03125,4.380458999479378e-41,-1666321016,1560281088
1775658346.766502,2.2418576791906547e-38,-274877906944000.0,8.281673924159669e-41,1557622784,15614
1775658346.7770727,-1.0855220132103496e-33,2.305843009213694e+18,1.1120497220709028e-38,-585238528,200
1775658346.7874177,-109.45185852050781,9007199254740992.0,2.0656853152169673e-38,766246912,180
1775658346.7979925,-1.6157410698269814e-07,7.62939453125e-06,2.1819535711392331e-38,928120832,60558
1775658346.8085628,3.797437558214632e-23,3.026804682941605e-43,-237026967552.0,654311424,256755581
1775658346.818871,-4.4621301128033675e+32,1.4054336960930396e-39,6.084722881095501e+35,4073,1903880800
1775658346.8291285,-3.689355411811677e+19,8.3319415744476e-30,-7.253554917687775e+25,985469,-34967552
1775658346.8398075,5.43703804158029e-42,-3.016690210555475e+27,-1.8189894035458565e-12,60699,-317236736
1775658346.8504028,2.4178559626849006e+24,1.173131249826852e-29,5.273426496949434e+32,27760,1280832000
1775658346.8607662,3.1529215447308384e-43,3.1454523778150523e-28,-1.0384612286170245e+34,-1043368159,1090519040
1775658346.8713615,2.2709161251856656e-38,-3.357883882167442e+19,5.678061377444159e-42,-1394641808,-1342177265
1775658346.8819284,7.572652721669547e-30,-2.659636803152184e+25,4.935793580891303e-41,-814261504,77
1775658346.8925004,4.670603176827151e+35,-1.7293822569102705e+18,1.3971253974980578e-39,-1294110720,185
1775658346.9030664,-1.632804130719315e-15,-140737488355328.0,1.1374450337503222e-38,1776119808,62390
1775658346.9134176,-1.5972649397167063e+18,1.5845660837051765e+29,1.7834079687737654e-29,-680525824,1034095
1775658346.9236548,-2.7802690824595046e+17,5.5491419187262756e-42,0.013479679822921753,385875968,4033911
1775658346.9337845,2.4527559523422377e-20,5.764607523034235e+17,1.1095481240523902e-41,-846730752,1610612856
1775658346.9439166,9.304732550939516e-30,-4.503599627370496e+16,1.1070257868166055e-41,-481837824,1342177310
1775658346.9541419,1.040321317447662e-38,87040.0,1.0811017652265964e-41,-1279267432,-1442840576
1775658346.9646995,5.274347289872179e-41,2.079905243590474e-07,2.942726775082116e-44,-442712236,-1811939328
1775658346.9749372,2.7855221068618362e-39,-1.830078125,1.087968127701788e-41,-1527851392,-1476394978
1775658346.9859219,1.9629809277801335e-38,-6.6585367408462e+23,1.1001594243414139e-41,1824641936,-654311424
1775658346.996496,9.951367287252011e-39,1.9545622382787953e+18,2.8169854612813214e-39,-319129600,-268435396
1775658347.0070605,2.1810867279092018e-38,3.409307612698559e-20,8.073160712668136e-41,684491008,553648128
1775658347.017328,2.0691056045086913e-38,-9.903520314283042e+28,8.076804088675381e-41,653238272,225
1775658347.0278842,2.1992221925046472e-38,2.8233114168283125e+34,1.5414283107572988e-43,1013938526,1560281088
1775658347.0384386,5.5500345458480505e-39,2.9371784869359813e+38,7.091411008562169e-41,-237589248,1090519040
1775658347.049008,1.833119095844992e-38,-9.114167311938415e+23,7.151526712681704e-41,-1680391936,201
1775658347.0595639,1.3624899237448806e-38,0.82421875,8.701082554532087e-41,1541883520,243
1775658347.0701237,1.6649460121698212e-06,6.617444900424222e-24,1.679422438200303e-38,-1655439360,49946
1775658347.0806892,6.506938740465965e-23,2.8446358825793787e-43,5.416370442933686e+34,-394788864,45982
1775658347.091249,8.69880513287878e-35,-1.584586106539064e+29,1.7006193621585228e-20,1961885696,41374
1775658347.1018379,-4.0458653469534227e+33,3.377129299022809e-43,-2.4526392352673066e+30,2046820352,7993255
1775658347.1125205,5.4814311769301004e-39,-4.656680041570382e-10,1.1112177711726332e-38,-1640251392,167
1775658347.123158,3.085428879338473e+34,0.00146484375,2.1924715772826088e-41,1027438328,-1158152192
1775658347.1337214,2.1968156025220157e-41,-8.907501037892403e+16,1.6225927682921336e+32,8080935,-566603776
1775658347.144027,1.7796490496925177e-43,1.1750099219431704e-38,-5.0507953602843515e+30,127,257420817
1775658347.1545875,-1.0587911840678754e-21,6.591567846337507e-41,3.852015450610838e+27,1342177341,257654645
1775658347.1652267,0.0001983642578125,1.4333139303392462e-39,-2.446194895992928e+38,3896,956265728
1775658347.1757822,3.8518667764366836e-34,2.8064420916357414e-39,-1.0403963657572187e+22,7884,-202194064
1775658347.1863842,-3.689362008881444e+19,1.1094065929074934e-38,-400293888.0,-1073741704,505117343
1775658347.1970592,0.0001983642578125,2.7907349371491246e-39,5.739012650874568e+28,209,-213681513
1775658347.2076213,-4.1359030627651384e-25,2.2317272722025113e-38,-1.598774687942492e-20,168,-2049732946
1775658347.2183495,-7.62939453125e-06,1.2290102194345451e-38,-2.8472948297820895e-30,34251,1848522240
1775658347.2287977,7.450580596923828e-09,8.580150497060855e-41,-0.002169966697692871,469762048,186
1775658347.2391312,6.712219644115874e-41,2.248678219206063e-38,1.3298184015760921e+26,-67108864,15053
1775658347.2495964,0.28113603591918945,-1.5053350877710224e+30,1.0962357886413044e-41,1526151328,1962934272
1775658347.260169,1.575966254137359e-38,-8.878048987794933e+23,4.2932982349983745e-41,1004182528,-1669332992
1775658347.2707233,2.1319354836237767e-41,12727.046875,1.0141204801825835e+31,15506615,-8454144
1775658347.2813163,2.1601015827567055e-41,-7.205124186708529e-25,-3.6893611292721414e+19,12836604,1332936704
1775658347.29196,7.178711902889605e-41,2.1169102838880515e-21,3.4191682529525537e-43,2578574,1511784448
1775658347.302519,5.222639376538593e-42,-5.554320405201469e+23,-1.6155871338926322e-27,497901,-839729152
1775658347.313074,2.5447580112138678e-42,-58254432.0,2.5243570031931145e-29,130866744,941096960
1775658347.3236516,7.1629613081505944e-40,-7.636035900815408e-16,2.520935937320346e-42,132545584,805306375
1775658347.3341947,2.535157671938474e-34,5.71152654438831e+34,7.190300641189572e-40,-42377216,1960
1775658347.3447754,1.9655793447891108e+18,-1.0842039819430944e-19,2.63593473889407e-30,-1205862400,49271
1775658347.3553905,-4.8299072431945825e+33,1.821688003622262e-43,-2376999424.0,-771751936,12205070
1775658347.3658252,5.17689969051289e-30,8.550723229310034e-41,-10012928.0,1879048199,130783474
1775658347.3764386,-4.75368975085586e+30,1.3191823743153828e-41,1.0006259500203377e+18,197,-1036706265
1775658347.3870018,-140737488355328.0,1.819182341838203e-38,5.2755073036655164e-30,1468,-594618880
1775658347.3976908,2.704506036146897e-43,1.4939100134201724e+31,3.777893186295716e+22,3630903,1742491648
1775658347.408256,7.105473944413101e-15,1.6342407922046173e-38,-725849473024.0,181,60552089
1775658347.4188564,-354418688.0,1.1630777253895982e-42,9.321569218848207e-37,-681443328,208115
1775658347.4294636,-5.151741788722575e-08,9.933804813598628e-42,-4.426707889138015e-10,570425347,14507783
1775658347.4397445,8.009133554946918e+24,1.34104263035885e-42,-795354593230848.0,1929379843,64500951
1775658347.4498854,-124416.0,5.783999541347115e-41,2.863533844536071e-20,208,-1598617798
1775658347.4600625,-9.903520314283042e+27,1.533031590229218e-38,-1.5380389514657858e-24,42718,1582820864
1775658347.470517,2.2981294814927e-43,-473383501824.0,-1.6225927682921336e+32,247270,-626116096
1775658347.4810798,0.0004882814246229827,3.1565929467073694e-40,-8.972368350515703e-29,1610612763,55104501
1775658347.491635,-0.06201171875,3.016308957443812e-40,1.5725603181910658e-29,220,1897871226
1775658347.502193,1.661534994731145e+35,1.3750391624590397e-36,7.31966804844795e+23,250355,-211346688
1775658347.5127585,1.4026997627891419e-42,-24090744832.0,1.0141208428603294e+31,57209725,494075904
1775658347.5233538,2.808804680846593e-40,8.052913472056389e-06,3.689395434034928e+19,51164276,-680460288
1775658347.5340292,2.994336597523199e-40,-3.414300525351043e+31,1.2121231716409668e-42,1079930681,-117440512
1775658347.5445662,2.994000285891761e-40,-1.9480517015930078e-20,2.2420775429197073e-43,-2009831542,-1979711488
1775658347.5548706,1.2508582841813727e-38,1.4544888767238507e+24,5.965888082016476e-41,-563634688,166
1775658347.5654879,-455952453074944.0,3.777893186295716e+22,1.2734790249014289e-39,-419725312,815
1775658347.5760586,-110661664768.0,9.903520314283042e+27,9.562205684232045e-39,916942848,210
1775658347.5866303,-165938708480.0,-3.961408125713217e+28,1.2723846108007912e-39,-298070016,3509
1775658347.597193,1.1187695739364966e+17,-1.05879156272111e-22,8.42169026541654e-39,526057472,19388
1775658347.6077642,0.011212825775146484,2.1720126197034665e-43,-8.470268261177674e-18,-268435456,11398983
1775658347.6183722,122880.0,3.873048825547362e-41,501800960.0,-1207959552,11877567
1775658347.6291296,-1.1875,5.923008349008137e-41,-4156293120.0,-1073741717,6158327
1775658347.6394136,-3.41970007866621e-10,6.227790764998785e-41,5.128786284558373e-12,-335544317,208151
1775658347.6497018,1.7104442686334566e+17,1.584568161546429e+29,1.2269643236766309e-39,1545035776,1610612762
1775658347.6602752,5.1050737984980555e-37,446401720877056.0,5.80011447368685e-41,-283659264,779
1775658347.6708963,-8.593198720400906e-32,-2097152.75,8.198864135358455e-37,-1745879040,55646
1775658347.6811504,4.013369497846142e-14,-3.602880990386586e+16,2.9054382229464325e-40,1408087808,-620756989
1775658347.6917064,3.0776578042119525e-40,-3.414052937343186e+31,1.3144179595366784e-42,1421072373,-620756989
1775658347.702313,2.908969495076531e-40,4.1185804766641354e-13,-3.602880990386586e+16,207591,-1637893376
1775658347.7128863,2.4802982818549262e-43,85025579008.0,-9007199254740992.0,12443527,-2020343808
1775658347.7234967,6.698066529626193e-41,4.2320214499438e-20,2.000025987625122,56925175,1874067456
1775658347.7337852,7.788136605024468e-41,198.71484375,2.5353021071508235e+30,8648250,2061631488
1775658347.7440686,4.733866472182097e-41,-2.206322824936031e+23,1.310214064143704e-42,-1430974713,251658240
1775658347.7542548,1.5697422468782139e-38,-3.1413395994135707e+35,1.2680686115306708e-39,-588701696,3478
1775658347.764565,28276.5625,-1.1641536346029824e-10,5.815754085587487e-37,1463746560,7055
1775658347.7751334,-0.005088549107313156,-0.031250011175870895,3.428669056540676e-40,-1371095808,1610612763
1775658347.78542,4.906762202665782e+27,0.00146484375,2.5422104506057253e-39,-1720350720,879
1775658347.7959766,1.4754074490856887e+29,6.18970241003619e+26,8.340123988872568e-37,121438208,56415
1775658347.8065424,2.0888910512439907e-07,2.475880964014476e+27,9.678827235523136e-37,-1653800960,62843
1775658347.817191,-1.7707041782616387e-20,1.8637269575520067e-43,-4.864477310545512e-12,268435484,-2046924311
1775658347.8277535,1.6940658945086007e-21,1.8722545593566554e-38,-1.3917853113735884e-34,35676,517421312
1775658347.838388,8590049280.0,1.3630850552026793e-39,-5488762045857792.0,28813,-1611959120
1775658347.848705,32768.0,1.3480140902188659e-39,-2.8883911870614416e+23,151,246889287
1775658347.8592367,7.605903601369376e+31,1.3171406824528615e-39,8.086724463471537e-22,-1342177223,3739252
1775658347.8698015,-7.572711334066037e+28,2.14398665041697e-43,4.0708917724835216e+30,-782237696,942708
1775658347.8804123,2.4039936552322367e-23,2.5321463250349444e-42,1.4361667410867085e-10,-2147483641,239785704
1775658347.8907354,1.1155325282008419e+32,6.8117538740368655e-40,-269036751421440.0,3690,-471123368
1775658347.9009626,8192.0,1.325412547287771e-39,-0.090850830078125,1866,1253930192
1775658347.911553,-2.0000016689300537,1.48752129064215e-34,-1.5718867442830045e+32,484294,-1413824512
1775658347.9221253,5.2436588535034655e-42,30862208.0,-2.0000033378601074,128632436,-384827392
1775658347.932476,7.039030471965708e-40,6.0245244222856254e-24,2.749347587005291e-42,-1101404032,-2147483641
1775658347.9427478,1.432043237824367e-34,-4.835703278458517e+24,6.815341198105537e-40,-1376497664,1891
1775658347.9530063,-1489973018624.0,2.5243570031931145e-29,3.077850123345767e-34,-401604608,511054
1775658347.9635549,-1.2484228759239676e+36,1.5414283107572988e-44,8.394279466155883e-39,1744240640,90
1775658347.9737785,6.723210034951788e-30,-8.437482395119095e+33,4.766096336861568e-41,175664896,-805306361
1775658347.9840548,1.8426714672166013e-38,2.9693447659746046e+34,5.394999087650546e-42,-1964552232,-671088626
1775658347.9946268,1.8759797711942165e-38,-417814418554880.0,2.2261027404264044e-41,-2111980576,-536870850
1775658348.0051959,1.3261570571618667e-38,4.178176378352244e+33,2.5643761897144152e-43,12023718,-1116340224
1775658348.015917,1.3954228198639031e-39,-0.47998046875,4.2109018852960753e-41,1660548448,-1207959435
1775658348.0264943,8.42706564632569e-39,3.0936554909483235e-22,2.550363205071167e-43,1986764273,1032847360
1775658348.0370605,2.2537083201736033e-41,0.02876165509223938,-3.5740566642812256e+19,59160,-1491542272
1775658348.047671,-0.0001220703125,7.345466420144259e-41,-2.5280314730480313e-07,-1191182336,47303
1775658348.057935,-1.4146756407617126e+17,3.3210773604498165e-43,3.5223956233722965e+37,1968177152,44126
1775658348.0682445,-6.360022529474274e-31,1.639519203260036e-43,2.8188291222196942e+32,-1879048192,3959575
1775658348.078785,-3.0180225490233686e+34,1.6535321879032841e-43,1.814231133974204e-38,2137128960,50573
1775658348.0893865,2.1715159018053624e+36,1.0384630855270834e+34,1.2054272894349031e-29,2046296064,1012926
1775658348.0997167,-1.3688691067392623e+19,2.6064151436441598e-43,0.1158447116613388,2143289344,15853
1775658348.1103125,3.852627858581132e+34,1.0,8.10216759087966e-41,131923456,-83886080
1775658348.1206183,1.4203505182457773e-39,4.1876439660127846e+17,5.547740620261951e-42,1952251384,1879048207
1775658348.1311882,2.417909191892594e-20,-0.003662109375,2.8373449266694966e-39,-1373855744,3952
1775658348.1416502,1.7254417938966187e+30,-1.084204111190065e-19,2.362200322259893e-29,1946681344,59354
1775658348.1518867,-3.252025541473075e+16,3.0127916982983567e-43,1.9772309061295151e-13,-805306353,254697017
1775658348.1624708,0.0001983642578125,1.4282454337937833e-39,2.880265765231854e+26,-2147483587,2070674375
1775658348.1731975,4.75368975085586e+29,2.185554627932855e-38,-1.1192008564401059e+24,56717,-648595968
1775658348.1839352,3.3350903450930646e-43,-3.3709663942301906e+28,-35184372088832.0,16177614,-291569664
1775658348.1945045,8.33310157780039e-41,2.912276448490291e+16,9.10844001811131e-44,2070613742,-883949568
1775658348.2050793,1.1334497916986857e-38,-4.984256083172762e+29,4.4274024980342595e-41,-292669008,939524111
1775658348.215654,2.3523394104813535e-29,0.00023651123046875,1.4574386847010622e-39,-258777088,15731
1775658348.2263577,3.8120738713491724e+31,2.4178692212822036e+24,0.09175454825162888,-1372585984,59866
1775658348.236929,8.79722342571447e+21,4.656680596681895e-10,7.72822196987658e-30,1933049856,1019007
1775658348.2474933,nan,5.654239303550637e-42,0.06830883026123047,-847249408,4986
1775658348.2579198,-2.2425639160119296e+17,3.1809475140173348e-43,-1.7855025558214161e+25,1426063360,7869431
1775658348.268224,nan,1.2335630381451365e-41,-16770048.0,34,870800996
1775658348.2787664,1.4757395258967641e+20,2.79225954987831e-39,-3.3095496308246637e-21,7885,902192624
1775658348.289671,-1.5777218104420236e-30,1.4617967229251124e-39,-797835264.0,193,-255049885
1775658348.2999933,2.3611832414348226e+21,2.0626439370299967e-38,1.530046740449765e+24,57116,480715264
1775658348.3105595,3.124895575444342e-43,3.861724489577809e+34,-2.1267647932558654e+38,30957,-522453152
1775658348.3211265,-8.0,5.57012636322954e-39,200343552.0,199,-491974756
1775658348.3316855,-0.0078125,1.1059561756987864e-38,-204234284859392.0,226,258322366
1775658348.3419702,-1.5576890575604483e+35,1.076057090755027e-41,1.2892560233717034e-29,-1076363264,3906
1775658348.3525302,-1.480166023898514e+23,-2.524354896707238e-29,1.4204892467937454e-39,-537262080,215
1775658348.3627763,1.1781618390269023e-29,-0.0001983642578125,1.4516989661911878e-39,2008635392,4046
1775658348.373041,1.0064347532870261e-33,2.1019476964872256e-44,1.9106525194865447e-38,-1746337792,59535
1775658348.3832746,-9.334260216715787e-31,3.2510124372335756e-43,-8.558688808681633e+25,1426063360,5859447
1775658348.393597,3.6711161382609523e+33,6.231854530545326e-41,-3.0115748219858296e-16,-805306353,11187704
1775658348.4041698,-199011604627456.0,7.663000652160262e-41,-5.761287109100967e+26,244,-525603256
1775658348.4147298,-562950960054272.0,7.040900454758693e-30,4.278320775770274e+30,986830,-1634488320
1775658348.4250276,2.9006878211523713e-43,-2.7679831395307356e+18,-1.9073486328125e-06,14555786,2145976320
1775658348.4355433,1.310214064143704e-42,9.841071141176943e-37,1.442200145767468e+29,935,-799430833
1775658348.4458559,-3.8685626227668134e+25,4.791119323539016e-39,-2.3754179578015107e-26,888,1848975170
1775658348.456396,-4.835703278458517e+25,3.188066110216105e-40,-2.886244836977377e-27,-1392508925,234340
1775658348.4667366,-7.307021349835927e-27,-0.001953125698491931,3.357973549015489e-40,1127267072,1073741935
1775658348.4769664,1.953999244852103e-30,-3.32306998946229e+35,1.2969241495080474e-39,1637734400,57
1775658348.487269,6.669455607733232e+29,7.605903601369376e+31,1.038165980279684e-38,-663463936,58123
1775658348.497617,-2.86332069165951e-12,8589941760.0,2.0680989116919204e-38,-1754923008,1932
1775658348.5081909,-1.0023926528108175e-21,4.656616758857979e-10,1.0125701450320973e-34,-1169162240,53449
1775658348.518838,1.0491330026951573e-12,562957738049536.0,2.0465501642970726e-38,-1749483520,1949
1775658348.5294385,5.696202260019987e-35,-3.689354972007026e+19,1.0094395877624416e-34,1944059904,460373
1775658348.540004,-12142592.0,2.802596928649634e-45,-4.4143940499857736e+19,-1241513984,4774247
1775658348.550557,-1675037245440.0,2.0844314656831654e-41,3.493508395201863e-19,503316480,13975
1775658348.5608523,4.503410309553146e-06,-1.5777218104420236e-30,4.57706117402415e-41,1603497984,1879048192
1775658348.5711668,1.068770338740538e-41,1.4095700270359683e+34,1.0141204801825835e+31,7351775,-546111488
1775658348.5816813,2.905436821647968e-39,-6.671994924545288e-06,9.007966918219222e-41,464707328,251
1775658348.5922432,3.1803210778065795e-20,-6.437288204283977e+28,3.9742225746716137e-41,103806208,1610612856
1775658348.6028204,1.1024419994099526e-38,-5.907790104407846e-32,2.000028610229492,510286397,-742391808
1775658348.61308,2.090650148008146e-38,-382252089344.0,4.395312763201221e-41,2050131880,-1750597632
1775658348.6236377,4.3081519987202176e-41,-5.883700293069914e+27,-8.0,14391303,130088960
1775658348.6341858,8.227303543743866e-41,3.3431294074542304e-25,3.433181237595802e-43,512488351,1548746752
1775658348.6447668,2.2155930019439683e-41,0.04769164323806763,7.566995918750763e-10,217,14233838
1775658348.6550572,1.7316779121756554e-09,3.040817667584853e-43,1.312814593833798e-38,1474560000,60855
1775658348.665348,-2.2826185386293218e-10,2.000007390975952,2.2717344834888313e-38,2012348416,233
1775658348.6755912,-3.214118812328381e+33,-9.903520314283042e+27,2.3348215008721203e-38,1408106496,63165
1775658348.6862097,-1.750231604091823e-07,3.4752201915255463e-43,-7.146947730500652e+34,2046820352,8174611
1775658348.6967752,-1.0330593829740893e+38,2.536350220427919e-43,9.625046913864691e-39,-1296629760,63663
1775658348.707018,-0.004499673843383789,3.363116314379561e-43,-6.030691694530264e+29,-603979776,16590694
1775658348.7172122,2.597301565578305e+23,8.937901995002981e-41,-1.423712819814682e-05,254,14937037
1775658348.7276206,-4.9565958604199796e+26,3.4051552683093055e-43,0.013148529455065727,-857735168,58039
1775658348.7378314,-2.2188481641620797e+24,3.377129299022809e-43,2.185979703477516e-20,-1411383296,61927
1775658348.748064,1.8298881890743723e+22,-1.5845632502852868e+29,1.4495409665561275e-39,-2047508480,-788529152
1775658348.758695,1.486277407096867e-38,7.530018576963469e+18,5.793388241058091e-41,-618168832,214
1775658348.7689438,-65738693935104.0,1.661534994731145e+35,5.95705990169123e-41,1175452160,1073741839
1775658348.779187,7.667990675991723e-39,1.5121895573235037e-24,8.183442901810499e-41,521630976,228
1775658348.7897377,-1.3562812080107897e+22,1.6225927682921336e+32,2.0958513475181805e-38,-814415872,58399
1775658348.800016,2.834908692827249e-31,3.2369994525903274e-43,-6.645251482233427e+23,-2030043136,14907063
1775658348.810297,-8.046627044677734e-06,8.15976095776341e-41,1.8611883797038407e+33,227,-1786034313
1775658348.8207734,-131072.46875,1.5833522931623528e-20,-6.88214269644119e-22,19913,849865472
1775658348.8314826,2.6624670822171524e-44,nan,-9.223372036854776e+18,56974,190932224
1775658348.8420439,8589999104.0,5.789712635186167e-39,-3.4785542502024924e-15,234,1260265
1775658348.8523324,0.00177764892578125,2.6624670822171524e-44,1.5312114436539065e-38,-571342848,211
1775658348.8630178,4.13920079922284e-20,-0.004150390625,2.6057144944119973e-41,1127706112,-805306244
1775658348.8732576,1.218030625577021e-38,22675456.0,9.050566391534696e-41,1261420032,-2147483617
1775658348.8837879,2.2289096813802934e-38,4.220055416226387e-10,4.463275738720975e-41,-195404480,2046820352
1775658348.894086,5.7293769272077336e-39,-9.00390872971002e-13,1.4433374182545616e-43,-222961817,-1224736768
1775658348.904653,2.334554133125127e-38,-3.6021559456085367e+34,4.569774422009661e-41,-24306312,1476395008
1775658348.9152215,2.3499808877890326e-38,1.7524001897555043e+34,4.5877110423530186e-41,-793807608,1778384896
1775658348.9259198,5.786865196706659e-39,5.558647882000786e+32,2.2604345528023624e-41,643495888,1862270976
1775658348.9362266,1.3757948322741054e-41,-3.8268693769438755e-13,1.5111572745182865e+23,2052942,1190354944
1775658348.946788,1.1169750059133117e-41,0.30125904083251953,-7.933575691221004e+23,4117436,-1125701632
1775658348.9570935,1.1326695487137496e-41,6.236269734402129e-20,1.0164395367051604e-19,8083,-1651028144
1775658348.967696,-3.777893186295716e+22,4.186988727002372e-39,9.586607664225985e+30,64218,1542704128
1775658348.9779394,3.851874123276376e-34,6.577532143398831e-20,6.098637220230962e-20,24643,53754112
1775658348.9884987,-2.52439221159991e-29,2.2272886593167625e-38,-5.24807348494487e+32,155,10221007
1775658348.9990692,7.31966804844795e+23,1.1315485099422898e-41,-0.8612971305847168,111,-337683347
1775658349.009758,0.03125,2.2550534265695087e-38,-1.6129320101754274e-12,7772,-175280536
1775658349.020362,1.5111572745182865e+23,2.8740267165701274e-39,1.6091966423971138e+38,17,-245805514
1775658349.0309377,-8.0,5.7666724858357386e-39,-8.020385570961519e-17,83,2018307799
1775658349.041509,-4.4272185776902924e+21,4.236966036732517e-41,-1.0133582861726609e-10,4055,-1152136416
1775658349.052074,3.689402910713997e+19,1.8471905555601173e-29,-1.0578100921628005e+24,1007263,-288530432
1775658349.062419,8.821173832924723e-41,2.519172628339635e+37,-2.0000035762786865,259889008,2025848832
1775658349.0727127,1.4225855892963754e-39,-2.3389725839803e-27,5.462261413938137e-42,445856208,1342177295
1775658349.0829706,2.035142349426191e-20,1.080863910568919e+18,1.4235258605659373e-39,912095232,64
1775658349.093307,1.1443214978471451e-20,5.329070518200751e-15,5.05252174296956e-41,-1286611968,192
1775658349.1036417,4.7858966841624775e-40,-7.310882210731506e-08,2.6904930515036488e-43,-1302841414,-1728053248
1775658349.1142008,1.636265808615413e-38,-3.2014213502407074e-09,4.3814399084044055e-41,-2012973136,1744830479
1775658349.1247718,1.3856089443199047e-29,-1.0275869466724348e+25,1.3827494765525495e-39,-1947631616,61198
1775658349.135564,66433024.0,3.3491033297363128e-43,-6.325067776131656e+28,1006632960,15682783
1775658349.1461184,46336.0,8.401064553320143e-41,-4.619899428597945e-37,164,254418411
1775658349.1566858,-3.1763735522036263e-21,1.3849803437077546e-39,1.2128543824778618e-31,209,266884946
1775658349.167343,2.028240960365167e+32,1.449633452254773e-39,-3.3722954009750274e+19,236,15513504
1775658349.17761,-4.056481920730334e+33,8.499575835362178e-41,-3.815861012817988e+26,145,4777804
1775658349.1879163,-9.633627625054076e+23,5.606595155763593e-42,1.647225758572013e-12,-1879048177,257288151
1775658349.198485,-1236950581248.0,1.6466658254280925e-41,-1.0027542884927243e-07,4054,-959588912
1775658349.2091582,6.018531076210112e-36,1.3957142899444827e-39,-5.897744417561837e+32,154,10268549
1775658349.2197251,-6.530133707230381e+28,4.396433801972681e-41,-5.124738314193504e-23,1962934272,2002879
1775658349.2303195,-9.082734564458406e-13,1.7376100957627732e-43,-3.5449597772240087e+31,-1392508928,57266
1775658349.2408874,1.1063363745621317e+29,-3.8685626227668134e+25,3.867290890157451e-39,1873412096,58638
1775658349.2514966,-4.961306529470884e-23,3.1529215447308384e-43,0.014153221622109413,-1147666432,14046
1775658349.2620673,-2.4394028856629e+18,2.788583944006386e-43,-92702.828125,1778384896,13065735
1775658349.272434,nan,7.170023852410792e-41,-56298.0,-704643072,7911351
1775658349.2826836,7.776821246978545e-20,3.6894015913000436e+19,7.204724206282867e-39,2112487424,46
1775658349.2931843,7.254188640775069e-39,-7.886352026392308e+23,8.015006826398656e-41,-1108923136,255
1775658349.3034923,2.7288227683983255e-39,76800.0,8.470428827304222e-41,498362624,-1325400064
1775658349.3138156,2.812281302336583e-39,-5.4104229505868434e-20,-1.084204111190065e-19,6863839,1470758912
1775658349.3244212,1.4573504028978098e-43,9.639080917984904e-39,2.7534779673661263e-34,186,6162359
1775658349.3347495,2.7534779673661263e-34,2.5223372357846707e-43,4.327259665251917e-21,1982857216,1028925
1775658349.3450935,3.347266243345016e-31,1.5694542800437951e-43,2.843272209609758e+33,1710751744,14856511
1775658349.3556638,1.0814219245771488e+24,5.1427653640720787e-42,1.7424412252017118e+31,1342177294,259450585
1775658349.3659725,-6.189700196426901e+28,5.6117743548877376e-39,-3503044046094336.0,196,10947825
1775658349.3765426,3.0968953505746753e-31,5.491688681688958e-42,-2.1767171263153626e-15,-1526726656,14650583
1775658349.386784,-181419418583040.0,8.019350851638063e-41,-2539978752.0,1923,-2083580120
1775658349.3973515,7.105433286831633e-15,1.9832405745308515e-34,-5.62949953421312e+16,15316689,397541376
1775658349.4079227,2.647753448341742e-41,-13611520.0,1.14906474074635e-43,488878841,-548405248
1775658349.4182088,2.721952202027741e-39,3.1461240723729134e-08,2.8530436733653276e-42,-197982424,1073741831
1775658349.4288192,1.612247325366015e-34,-7.205759403792794e+17,2.7275167582295748e-39,1776099328,7347
1775658349.4394114,-164.93310546875,-3.689354972007026e+19,4.808751410795809e-30,-287309824,515656
1775658349.4497738,4.808403250150931e+20,5.362769222971075e-42,-1.420809541255168e+16,1879048199,3988457
1775658349.4603858,-2.7381252964929755e+33,7.920839569596028e-41,7.85939846537076e-09,208,114040192
1775658349.4709678,1.961817850054744e-44,-6.711031328606778e+22,-7.105427357601002e-15,3818356,1273720832
1775658349.4814672,5.0684965454628633e-42,-1.6231522496197807e+22,2.3611832414348226e+21,3812303,729468928
1775658349.4921224,3.051778912777081e-05,2.3575400163517457e-34,5.030037581705614e+33,937131,-1678376960
1775658349.502714,1.961817850054744e-44,1.295727440619514e-39,6.211490767710247e-27,1073741852,14916023
1775658349.5132787,-6.571500711583141e+33,7.088748541479952e-41,-2.0614891828469987e-23,193,-1063532704
1775658349.5238843,3.6893488147419103e+19,1.8055639628425087e-38,7.237830359838992e-25,29395,437230840
1775658349.534501,-2.0000267028808594,1.1616582100452371e-39,3.385423730368188e-34,52058,738713856
1775658349.5450935,2.9006878211523713e-43,-14288801.0,2.305843009213694e+18,8722487,-1621229568
1775658349.5556707,4.774504127647517e-41,15332.0,3.1669345293740866e-43,-498700400,-1879048192
1775658349.566001,2.0590678233490398e-38,1.5469069313318278e-30,3.783505853677006e-44,1773051,-2038759424
1775658349.5765805,1.2275374547485398e-42,1.0727873793910855e-36,-4.7207853129023066e-35,954,-577161285
1775658349.5868227,2.596148429267414e+33,3.4279964332778e-40,2.8240120502441953e+23,-1073741770,909333487
1775658349.5971215,-9.735556609752802e+32,3.191961719946928e-40,-8118144.0,889,-225773729
1775658349.6076858,-134217776.0,5.044291917088581e-39,0.0004551410675048828,831,457596827
1775658349.618414,-1.0831975343747077e+27,3.4101719168115883e-40,13774.75,1744830491,66688748
1775658349.6288254,3.7928105958828624e+33,1.2009127839263682e-42,4.749534729482243e+28,1742733312,14105
1775658349.6394274,2.285923983436078e-06,-5348024557502464.0,1.0081238227627171e-38,-858155008,28045
1775658349.6497588,29996640.0,2.5243714476676974e-29,7.619758823628741e-37,-1141833728,16452004
1775658349.6603549,7.304910653188982e+21,1.9532699294223625e-41,1.805787003868207e+31,536870938,443245530
1775658349.671038,-1.688849860263936e+16,2.4385479954088326e-39,-1.0797407412610482e-10,13965,114285496
1775658349.681608,-3.051767635042779e-05,8.308426985453751e-31,-9.457559217478042e+16,1746639,282599424
1775658349.6918504,4.779829061811951e-42,4486672.0,6.646142355769455e+35,10754055,125501440
1775658349.7020023,2.6221096864445977e-41,-1.4387904929968887e-15,-1.0384660565831777e+34,-927762508,-1778384896
1775658349.7121446,1.8431647242760436e-38,3.4885744518280873e+33,7.199731379854478e-41,-1821963008,877
1775658349.722275,4.392938080854947e-06,2.646978906802775e-23,1.9808798531948008e-38,-80281600,1794451
1775658349.732397,497942528.0,1.000106713988622e-41,-2.0859160752839667e-13,922746883,61486587
1775658349.7425268,-9.501903251118735e+35,2.853800374536063e-40,3.100277227345678e+33,-620756989,236300
